trial,testing,parameters,initial_deadline,final_deadline,net_reward,actions,success
1,False,"{'a': 0.1, 'e': 1.0}",30,0,-120.51566479746981,"{0: 19, 1: 3, 2: 5, 3: 2, 4: 1}",0
2,False,"{'a': 0.1, 'e': 0.99}",20,0,-159.35482942622423,"{0: 12, 1: 1, 2: 3, 3: 1, 4: 3}",0
3,False,"{'a': 0.1, 'e': 0.9801}",20,0,-134.79499104603693,"{0: 10, 1: 4, 2: 4, 3: 0, 4: 2}",0
4,False,"{'a': 0.1, 'e': 0.970299}",30,0,-273.219645291122,"{0: 14, 1: 7, 2: 3, 3: 1, 4: 5}",0
5,False,"{'a': 0.1, 'e': 0.96059601}",25,10,-62.04464511673746,"{0: 10, 1: 1, 2: 3, 3: 0, 4: 1}",1
6,False,"{'a': 0.1, 'e': 0.9509900498999999}",25,0,-143.7889887276849,"{0: 16, 1: 0, 2: 6, 3: 1, 4: 2}",0
7,False,"{'a': 0.1, 'e': 0.941480149401}",20,0,-69.53106954766281,"{0: 15, 1: 1, 2: 2, 3: 1, 4: 1}",0
8,False,"{'a': 0.1, 'e': 0.9320653479069899}",20,0,-28.663413182222786,"{0: 15, 1: 3, 2: 1, 3: 1, 4: 0}",0
9,False,"{'a': 0.1, 'e': 0.9227446944279201}",20,0,-87.62763992083059,"{0: 14, 1: 0, 2: 4, 3: 1, 4: 1}",0
10,False,"{'a': 0.1, 'e': 0.9135172474836408}",20,0,-96.1474826300316,"{0: 13, 1: 0, 2: 5, 3: 1, 4: 1}",0
11,False,"{'a': 0.1, 'e': 0.9043820750088044}",25,0,-136.57100816525602,"{0: 14, 1: 4, 2: 5, 3: 0, 4: 2}",0
12,False,"{'a': 0.1, 'e': 0.8953382542587164}",25,0,-132.76540885985438,"{0: 16, 1: 0, 2: 7, 3: 0, 4: 2}",0
13,False,"{'a': 0.1, 'e': 0.8863848717161292}",30,0,-148.71732919186994,"{0: 18, 1: 4, 2: 5, 3: 1, 4: 2}",0
14,False,"{'a': 0.1, 'e': 0.8775210229989678}",30,0,-112.82924326599155,"{0: 20, 1: 1, 2: 5, 3: 4, 4: 0}",0
15,False,"{'a': 0.1, 'e': 0.8687458127689782}",30,0,-109.47453049131607,"{0: 22, 1: 2, 2: 4, 3: 0, 4: 2}",0
16,False,"{'a': 0.1, 'e': 0.8600583546412884}",20,0,-78.84540424318102,"{0: 13, 1: 3, 2: 2, 3: 1, 4: 1}",0
17,False,"{'a': 0.1, 'e': 0.8514577710948755}",20,0,-79.16526387222977,"{0: 12, 1: 3, 2: 4, 3: 0, 4: 1}",0
18,False,"{'a': 0.1, 'e': 0.8429431933839268}",25,0,-51.988580106028444,"{0: 16, 1: 4, 2: 5, 3: 0, 4: 0}",0
19,False,"{'a': 0.1, 'e': 0.8345137614500875}",20,0,-41.38884476118211,"{0: 14, 1: 3, 2: 2, 3: 1, 4: 0}",0
20,False,"{'a': 0.1, 'e': 0.8261686238355866}",20,0,-96.70161209122367,"{0: 13, 1: 3, 2: 2, 3: 0, 4: 2}",0
21,False,"{'a': 0.1, 'e': 0.8179069375972308}",30,0,-156.20554738921206,"{0: 20, 1: 2, 2: 5, 3: 0, 4: 3}",0
22,False,"{'a': 0.1, 'e': 0.8097278682212584}",25,11,-10.819483592957296,"{0: 11, 1: 1, 2: 2, 3: 0, 4: 0}",1
23,False,"{'a': 0.1, 'e': 0.8016305895390459}",25,0,-62.64513799904993,"{0: 20, 1: 0, 2: 3, 3: 1, 4: 1}",0
24,False,"{'a': 0.1, 'e': 0.7936142836436554}",20,0,-26.221262324262227,"{0: 17, 1: 2, 2: 0, 3: 0, 4: 1}",0
25,False,"{'a': 0.1, 'e': 0.7856781408072188}",30,0,-98.13213115119154,"{0: 20, 1: 3, 2: 5, 3: 1, 4: 1}",0
26,False,"{'a': 0.1, 'e': 0.7778213593991467}",20,13,-13.290760975718564,"{0: 5, 1: 0, 2: 2, 3: 0, 4: 0}",1
27,False,"{'a': 0.1, 'e': 0.7700431458051551}",20,13,12.94576600684588,"{0: 7, 1: 0, 2: 0, 3: 0, 4: 0}",1
28,False,"{'a': 0.1, 'e': 0.7623427143471035}",35,0,-226.92645331535866,"{0: 20, 1: 4, 2: 7, 3: 0, 4: 4}",0
29,False,"{'a': 0.1, 'e': 0.7547192872036325}",30,0,-98.18216956051697,"{0: 23, 1: 2, 2: 2, 3: 1, 4: 2}",0
30,False,"{'a': 0.1, 'e': 0.7471720943315961}",30,0,-104.5716698007423,"{0: 20, 1: 3, 2: 5, 3: 1, 4: 1}",0
31,False,"{'a': 0.1, 'e': 0.7397003733882802}",30,10,-52.68826204975281,"{0: 14, 1: 3, 2: 2, 3: 0, 4: 1}",1
32,False,"{'a': 0.1, 'e': 0.7323033696543975}",30,21,-31.427998008520184,"{0: 7, 1: 1, 2: 0, 3: 0, 4: 1}",1
33,False,"{'a': 0.1, 'e': 0.7249803359578535}",25,0,-28.54132168033329,"{0: 20, 1: 0, 2: 5, 3: 0, 4: 0}",0
34,False,"{'a': 0.1, 'e': 0.7177305325982749}",20,0,-88.60846241455802,"{0: 11, 1: 3, 2: 5, 3: 0, 4: 1}",0
35,False,"{'a': 0.1, 'e': 0.7105532272722921}",20,0,-19.42963162098294,"{0: 18, 1: 1, 2: 0, 3: 0, 4: 1}",0
36,False,"{'a': 0.1, 'e': 0.7034476949995692}",25,0,-74.20568744480899,"{0: 16, 1: 2, 2: 5, 3: 2, 4: 0}",0
37,False,"{'a': 0.1, 'e': 0.6964132180495735}",30,0,-75.14586058128839,"{0: 20, 1: 5, 2: 4, 3: 0, 4: 1}",0
38,False,"{'a': 0.1, 'e': 0.6894490858690778}",25,0,-91.49515605904065,"{0: 14, 1: 0, 2: 11, 3: 0, 4: 0}",0
39,False,"{'a': 0.1, 'e': 0.682554595010387}",30,0,-39.32317623040507,"{0: 25, 1: 3, 2: 1, 3: 0, 4: 1}",0
40,False,"{'a': 0.1, 'e': 0.6757290490602831}",20,0,-90.76501224335733,"{0: 15, 1: 1, 2: 2, 3: 0, 4: 2}",0
41,False,"{'a': 0.1, 'e': 0.6689717585696803}",20,10,-35.64621758451308,"{0: 8, 1: 0, 2: 1, 3: 0, 4: 1}",1
42,False,"{'a': 0.1, 'e': 0.6622820409839835}",20,0,-137.44146015402677,"{0: 11, 1: 1, 2: 4, 3: 3, 4: 1}",0
43,False,"{'a': 0.1, 'e': 0.6556592205741436}",30,8,-56.791448333848415,"{0: 14, 1: 7, 2: 0, 3: 0, 4: 1}",1
44,False,"{'a': 0.1, 'e': 0.6491026283684022}",25,6,-40.152286722292345,"{0: 15, 1: 1, 2: 2, 3: 0, 4: 1}",1
45,False,"{'a': 0.1, 'e': 0.6426116020847181}",20,0,-38.14658700642064,"{0: 14, 1: 1, 2: 5, 3: 0, 4: 0}",0
46,False,"{'a': 0.1, 'e': 0.6361854860638709}",25,0,-34.45717806700294,"{0: 18, 1: 4, 2: 3, 3: 0, 4: 0}",1
47,False,"{'a': 0.1, 'e': 0.6298236312032323}",25,0,-23.564109734713174,"{0: 18, 1: 4, 2: 3, 3: 0, 4: 0}",0
48,False,"{'a': 0.1, 'e': 0.6235253948912}",20,0,-46.061131780288,"{0: 16, 1: 0, 2: 3, 3: 0, 4: 1}",0
49,False,"{'a': 0.1, 'e': 0.617290140942288}",20,0,-95.23366358609123,"{0: 13, 1: 3, 2: 2, 3: 0, 4: 2}",0
50,False,"{'a': 0.1, 'e': 0.611117239532865}",20,5,-39.543262277839546,"{0: 12, 1: 0, 2: 2, 3: 0, 4: 1}",1
51,False,"{'a': 0.1, 'e': 0.6050060671375364}",30,0,-75.16377916262925,"{0: 25, 1: 1, 2: 2, 3: 0, 4: 2}",0
52,False,"{'a': 0.1, 'e': 0.598956006466161}",25,14,-9.191374247992329,"{0: 8, 1: 2, 2: 1, 3: 0, 4: 0}",1
53,False,"{'a': 0.1, 'e': 0.5929664464014994}",25,0,-132.3582577167627,"{0: 18, 1: 0, 2: 4, 3: 0, 4: 3}",0
54,False,"{'a': 0.1, 'e': 0.5870367819374844}",20,6,8.82308593239444,"{0: 13, 1: 0, 2: 1, 3: 0, 4: 0}",1
55,False,"{'a': 0.1, 'e': 0.5811664141181095}",25,0,-97.21112096367865,"{0: 17, 1: 4, 2: 2, 3: 0, 4: 2}",0
56,False,"{'a': 0.1, 'e': 0.5753547499769285}",25,15,-10.575406752002708,"{0: 8, 1: 1, 2: 0, 3: 1, 4: 0}",1
57,False,"{'a': 0.1, 'e': 0.5696012024771592}",20,0,-12.643883560568316,"{0: 15, 1: 4, 2: 1, 3: 0, 4: 0}",1
58,False,"{'a': 0.1, 'e': 0.5639051904523875}",30,0,-49.81313832347284,"{0: 25, 1: 1, 2: 2, 3: 1, 4: 1}",0
59,False,"{'a': 0.1, 'e': 0.5582661385478637}",25,0,-83.6899630225067,"{0: 17, 1: 1, 2: 6, 3: 0, 4: 1}",0
60,False,"{'a': 0.1, 'e': 0.5526834771623851}",30,18,-34.8819090838933,"{0: 8, 1: 0, 2: 3, 3: 1, 4: 0}",1
61,False,"{'a': 0.1, 'e': 0.5471566423907612}",25,0,-92.32388792926226,"{0: 19, 1: 0, 2: 4, 3: 0, 4: 2}",0
62,False,"{'a': 0.1, 'e': 0.5416850759668536}",25,6,-22.728570086946664,"{0: 13, 1: 3, 2: 3, 3: 0, 4: 0}",1
63,False,"{'a': 0.1, 'e': 0.536268225207185}",20,1,-29.82790339651668,"{0: 16, 1: 1, 2: 1, 3: 0, 4: 1}",1
64,False,"{'a': 0.1, 'e': 0.5309055429551132}",25,0,-44.60889418214202,"{0: 19, 1: 2, 2: 2, 3: 2, 4: 0}",0
65,False,"{'a': 0.1, 'e': 0.525596487525562}",25,0,1.473293647017266,"{0: 21, 1: 2, 2: 2, 3: 0, 4: 0}",0
66,False,"{'a': 0.1, 'e': 0.5203405226503064}",30,10,-58.07876257587956,"{0: 17, 1: 1, 2: 0, 3: 0, 4: 2}",1
67,False,"{'a': 0.1, 'e': 0.5151371174238033}",25,16,-3.576460702025839,"{0: 7, 1: 0, 2: 2, 3: 0, 4: 0}",1
68,False,"{'a': 0.1, 'e': 0.5099857462495653}",30,0,-26.061549164367,"{0: 26, 1: 3, 2: 0, 3: 0, 4: 1}",0
69,False,"{'a': 0.1, 'e': 0.5048858887870696}",25,9,-28.50175211315068,"{0: 13, 1: 2, 2: 0, 3: 0, 4: 1}",1
70,False,"{'a': 0.1, 'e': 0.4998370298991989}",20,0,-56.854613720687375,"{0: 15, 1: 2, 2: 1, 3: 1, 4: 1}",0
71,False,"{'a': 0.1, 'e': 0.49483865960020695}",20,0,-44.80057737258876,"{0: 16, 1: 0, 2: 2, 3: 2, 4: 0}",0
72,False,"{'a': 0.1, 'e': 0.4898902730042049}",25,15,-10.861294577263232,"{0: 8, 1: 1, 2: 0, 3: 1, 4: 0}",1
73,False,"{'a': 0.1, 'e': 0.48499137027416284}",20,2,-1.3528964847244511,"{0: 15, 1: 1, 2: 2, 3: 0, 4: 0}",1
74,False,"{'a': 0.1, 'e': 0.4801414565714212}",25,0,-34.69371400499031,"{0: 22, 1: 1, 2: 0, 3: 1, 4: 1}",0
75,False,"{'a': 0.1, 'e': 0.47534004200570695}",20,0,-0.43961723938337793,"{0: 17, 1: 1, 2: 2, 3: 0, 4: 0}",1
76,False,"{'a': 0.1, 'e': 0.4705866415856499}",20,0,-1.25416526630525,"{0: 18, 1: 1, 2: 0, 3: 1, 4: 0}",0
77,False,"{'a': 0.1, 'e': 0.46588077516979337}",25,0,-62.13185541176228,"{0: 20, 1: 1, 2: 2, 3: 1, 4: 1}",0
78,False,"{'a': 0.1, 'e': 0.46122196741809546}",25,5,-130.39789446141768,"{0: 13, 1: 2, 2: 2, 3: 0, 4: 3}",1
79,False,"{'a': 0.1, 'e': 0.4566097477439145}",30,16,-41.48798427701781,"{0: 11, 1: 0, 2: 2, 3: 0, 4: 1}",1
80,False,"{'a': 0.1, 'e': 0.45204365026647536}",30,4,-16.40987811857181,"{0: 24, 1: 0, 2: 0, 3: 1, 4: 1}",1
81,False,"{'a': 0.1, 'e': 0.4475232137638106}",25,17,-0.5393946475673088,"{0: 6, 1: 1, 2: 1, 3: 0, 4: 0}",1
82,False,"{'a': 0.1, 'e': 0.4430479816261725}",30,18,9.32157933615391,"{0: 10, 1: 2, 2: 0, 3: 0, 4: 0}",1
83,False,"{'a': 0.1, 'e': 0.43861750180991077}",25,0,-20.583455377897003,"{0: 19, 1: 2, 2: 4, 3: 0, 4: 0}",0
84,False,"{'a': 0.1, 'e': 0.43423132679181164}",20,9,17.25635729510069,"{0: 11, 1: 0, 2: 0, 3: 0, 4: 0}",1
85,False,"{'a': 0.1, 'e': 0.4298890135238935}",30,2,-34.40659935825319,"{0: 23, 1: 1, 2: 3, 3: 0, 4: 1}",1
86,False,"{'a': 0.1, 'e': 0.4255901233886546}",30,21,15.517774798969116,"{0: 9, 1: 0, 2: 0, 3: 0, 4: 0}",1
87,False,"{'a': 0.1, 'e': 0.421334222154768}",25,8,-8.273595328938828,"{0: 15, 1: 0, 2: 1, 3: 1, 4: 0}",1
88,False,"{'a': 0.1, 'e': 0.41712087993322033}",25,3,-24.265395422703094,"{0: 15, 1: 4, 2: 3, 3: 0, 4: 0}",1
89,False,"{'a': 0.1, 'e': 0.41294967113388814}",20,0,2.293067177464832,"{0: 18, 1: 0, 2: 2, 3: 0, 4: 0}",0
90,False,"{'a': 0.1, 'e': 0.40882017442254925}",20,0,17.1169597172482,"{0: 19, 1: 1, 2: 0, 3: 0, 4: 0}",0
91,False,"{'a': 0.1, 'e': 0.4047319726783238}",30,0,-41.87773738296818,"{0: 26, 1: 0, 2: 2, 3: 1, 4: 1}",0
92,False,"{'a': 0.1, 'e': 0.40068465295154054}",20,0,-74.73548074325343,"{0: 15, 1: 1, 2: 1, 3: 2, 4: 1}",0
93,False,"{'a': 0.1, 'e': 0.3966778064220251}",25,0,-7.9500762421117965,"{0: 22, 1: 0, 2: 2, 3: 1, 4: 0}",0
94,False,"{'a': 0.1, 'e': 0.39271102835780486}",20,0,-14.819825447402948,"{0: 19, 1: 0, 2: 0, 3: 0, 4: 1}",1
95,False,"{'a': 0.1, 'e': 0.3887839180742268}",30,6,-79.25747048404213,"{0: 17, 1: 2, 2: 2, 3: 2, 4: 1}",1
96,False,"{'a': 0.1, 'e': 0.38489607889348454}",25,2,-25.666933806288416,"{0: 20, 1: 1, 2: 1, 3: 0, 4: 1}",1
97,False,"{'a': 0.1, 'e': 0.38104711810454966}",20,4,19.417612990092458,"{0: 15, 1: 1, 2: 0, 3: 0, 4: 0}",1
98,False,"{'a': 0.1, 'e': 0.37723664692350417}",20,13,11.973594173898764,"{0: 7, 1: 0, 2: 0, 3: 0, 4: 0}",1
99,False,"{'a': 0.1, 'e': 0.37346428045426916}",20,5,-57.53805389873383,"{0: 10, 1: 2, 2: 2, 3: 0, 4: 1}",1
100,False,"{'a': 0.1, 'e': 0.36972963764972644}",20,8,8.500020787738759,"{0: 11, 1: 0, 2: 1, 3: 0, 4: 0}",1
101,False,"{'a': 0.1, 'e': 0.3660323412732292}",20,13,-21.318920147531145,"{0: 5, 1: 0, 2: 1, 3: 1, 4: 0}",1
102,False,"{'a': 0.1, 'e': 0.3623720178604969}",20,12,-29.71503083044477,"{0: 4, 1: 3, 2: 0, 3: 1, 4: 0}",1
103,False,"{'a': 0.1, 'e': 0.3587482976818919}",20,0,-81.76439973840543,"{0: 16, 1: 0, 2: 2, 3: 0, 4: 2}",0
104,False,"{'a': 0.1, 'e': 0.355160814705073}",20,3,-4.958849654248398,"{0: 14, 1: 1, 2: 2, 3: 0, 4: 0}",1
105,False,"{'a': 0.1, 'e': 0.35160920655802225}",20,7,-3.264852606197948,"{0: 11, 1: 0, 2: 2, 3: 0, 4: 0}",1
106,False,"{'a': 0.1, 'e': 0.348093114492442}",25,10,-48.62582716796528,"{0: 11, 1: 1, 2: 2, 3: 0, 4: 1}",1
107,False,"{'a': 0.1, 'e': 0.3446121833475176}",25,10,18.566233288049165,"{0: 14, 1: 1, 2: 0, 3: 0, 4: 0}",1
108,False,"{'a': 0.1, 'e': 0.34116606151404244}",20,0,-10.698396787309838,"{0: 17, 1: 1, 2: 1, 3: 1, 4: 0}",0
109,False,"{'a': 0.1, 'e': 0.337754400898902}",30,0,10.45655055428473,"{0: 28, 1: 0, 2: 1, 3: 1, 4: 0}",0
110,False,"{'a': 0.1, 'e': 0.334376856889913}",30,18,7.656982389255083,"{0: 11, 1: 0, 2: 1, 3: 0, 4: 0}",1
111,False,"{'a': 0.1, 'e': 0.33103308832101386}",30,4,10.274696965699116,"{0: 22, 1: 2, 2: 2, 3: 0, 4: 0}",1
112,False,"{'a': 0.1, 'e': 0.3277227574378037}",20,0,-13.860904336961852,"{0: 17, 1: 1, 2: 1, 3: 1, 4: 0}",0
113,False,"{'a': 0.1, 'e': 0.3244455298634257}",25,15,19.68726194688277,"{0: 10, 1: 0, 2: 0, 3: 0, 4: 0}",1
114,False,"{'a': 0.1, 'e': 0.3212010745647914}",25,0,38.38369993775193,"{0: 25, 1: 0, 2: 0, 3: 0, 4: 0}",0
115,False,"{'a': 0.1, 'e': 0.3179890638191435}",20,10,-31.5828091411899,"{0: 8, 1: 1, 2: 0, 3: 0, 4: 1}",1
116,False,"{'a': 0.1, 'e': 0.31480917318095203}",25,0,-59.085499419205846,"{0: 21, 1: 1, 2: 1, 3: 0, 4: 2}",0
117,False,"{'a': 0.1, 'e': 0.3116610814491425}",25,0,-26.598343818387807,"{0: 22, 1: 1, 2: 1, 3: 0, 4: 1}",0
118,False,"{'a': 0.1, 'e': 0.30854447063465107}",25,0,-38.24424033892525,"{0: 22, 1: 0, 2: 1, 3: 1, 4: 1}",0
119,False,"{'a': 0.1, 'e': 0.3054590259283046}",20,0,-109.24662706101392,"{0: 14, 1: 1, 2: 2, 3: 1, 4: 2}",0
120,False,"{'a': 0.1, 'e': 0.30240443566902153}",30,5,-79.8714793879535,"{0: 20, 1: 0, 2: 2, 3: 2, 4: 1}",1
121,False,"{'a': 0.1, 'e': 0.2993803913123313}",20,0,-1.2461948595741106,"{0: 16, 1: 3, 2: 1, 3: 0, 4: 0}",0
122,False,"{'a': 0.1, 'e': 0.296386587399208}",20,0,-4.099527196421243,"{0: 16, 1: 3, 2: 1, 3: 0, 4: 0}",0
123,False,"{'a': 0.1, 'e': 0.2934227215252159}",20,3,-8.669352236863793,"{0: 14, 1: 1, 2: 2, 3: 0, 4: 0}",1
124,False,"{'a': 0.1, 'e': 0.29048849430996376}",25,16,-0.39483546864390484,"{0: 7, 1: 2, 2: 0, 3: 0, 4: 0}",1
125,False,"{'a': 0.1, 'e': 0.2875836093668641}",25,9,12.022151370251414,"{0: 15, 1: 0, 2: 1, 3: 0, 4: 0}",1
126,False,"{'a': 0.1, 'e': 0.28470777327319546}",30,0,-26.62842544102734,"{0: 25, 1: 1, 2: 3, 3: 1, 4: 0}",0
127,False,"{'a': 0.1, 'e': 0.2818606955404635}",20,14,-33.445144003537024,"{0: 5, 1: 0, 2: 0, 3: 0, 4: 1}",1
128,False,"{'a': 0.1, 'e': 0.27904208858505886}",25,14,1.547425712204535,"{0: 10, 1: 0, 2: 1, 3: 0, 4: 0}",1
129,False,"{'a': 0.1, 'e': 0.2762516676992083}",20,14,2.3726146730646676,"{0: 5, 1: 1, 2: 0, 3: 0, 4: 0}",1
130,False,"{'a': 0.1, 'e': 0.2734891510222162}",25,18,-1.676692893139299,"{0: 6, 1: 0, 2: 1, 3: 0, 4: 0}",1
131,False,"{'a': 0.1, 'e': 0.27075425951199406}",20,14,9.275700157497024,"{0: 6, 1: 0, 2: 0, 3: 0, 4: 0}",1
132,False,"{'a': 0.1, 'e': 0.2680467169168741}",35,15,36.46524705823197,"{0: 20, 1: 0, 2: 0, 3: 0, 4: 0}",1
133,False,"{'a': 0.1, 'e': 0.26536624974770534}",20,6,17.47422261058604,"{0: 13, 1: 1, 2: 0, 3: 0, 4: 0}",1
134,False,"{'a': 0.1, 'e': 0.2627125872502283}",20,0,6.379165978363284,"{0: 18, 1: 0, 2: 2, 3: 0, 4: 0}",0
135,False,"{'a': 0.1, 'e': 0.26008546137772603}",20,0,-128.5456477313291,"{0: 15, 1: 0, 2: 1, 3: 1, 4: 3}",0
136,False,"{'a': 0.1, 'e': 0.25748460676394874}",25,12,8.140024179651133,"{0: 11, 1: 2, 2: 0, 3: 0, 4: 0}",1
137,False,"{'a': 0.1, 'e': 0.2549097606963093}",20,7,7.823495269143066,"{0: 11, 1: 2, 2: 0, 3: 0, 4: 0}",1
138,False,"{'a': 0.1, 'e': 0.2523606630893462}",25,15,9.052736507574563,"{0: 9, 1: 1, 2: 0, 3: 0, 4: 0}",1
139,False,"{'a': 0.1, 'e': 0.2498370564584527}",25,7,-10.68707987601569,"{0: 17, 1: 0, 2: 0, 3: 0, 4: 1}",1
140,False,"{'a': 0.1, 'e': 0.24733868589386818}",25,10,-3.776732584164341,"{0: 12, 1: 0, 2: 3, 3: 0, 4: 0}",1
141,False,"{'a': 0.1, 'e': 0.24486529903492948}",25,16,19.96348609888239,"{0: 9, 1: 0, 2: 0, 3: 0, 4: 0}",1
142,False,"{'a': 0.1, 'e': 0.2424166460445802}",25,2,-6.442372245879245,"{0: 22, 1: 0, 2: 0, 3: 0, 4: 1}",1
143,False,"{'a': 0.1, 'e': 0.2399924795841344}",25,17,2.4990095021108694,"{0: 7, 1: 0, 2: 1, 3: 0, 4: 0}",1
144,False,"{'a': 0.1, 'e': 0.23759255478829303}",30,9,1.8837489393454099,"{0: 18, 1: 1, 2: 2, 3: 0, 4: 0}",1
145,False,"{'a': 0.1, 'e': 0.23521662924041012}",25,13,6.05321659616359,"{0: 11, 1: 0, 2: 1, 3: 0, 4: 0}",1
146,False,"{'a': 0.1, 'e': 0.232864462948006}",30,2,-32.55379335669461,"{0: 24, 1: 2, 2: 0, 3: 1, 4: 1}",1
147,False,"{'a': 0.1, 'e': 0.23053581831852593}",30,3,-70.92328767433388,"{0: 22, 1: 2, 2: 1, 3: 0, 4: 2}",1
148,False,"{'a': 0.1, 'e': 0.22823046013534068}",25,14,19.583058492106076,"{0: 11, 1: 0, 2: 0, 3: 0, 4: 0}",1
149,False,"{'a': 0.1, 'e': 0.22594815553398728}",20,5,-12.793743960213753,"{0: 14, 1: 0, 2: 0, 3: 0, 4: 1}",1
150,False,"{'a': 0.1, 'e': 0.2236886739786474}",20,5,24.826448137173323,"{0: 15, 1: 0, 2: 0, 3: 0, 4: 0}",1
151,False,"{'a': 0.1, 'e': 0.22145178723886091}",25,11,-0.7025669160027856,"{0: 12, 1: 0, 2: 2, 3: 0, 4: 0}",1
152,False,"{'a': 0.1, 'e': 0.2192372693664723}",20,0,29.755484438886754,"{0: 19, 1: 1, 2: 0, 3: 0, 4: 0}",1
153,False,"{'a': 0.1, 'e': 0.21704489667280757}",25,7,17.95467820607717,"{0: 17, 1: 0, 2: 1, 3: 0, 4: 0}",1
154,False,"{'a': 0.1, 'e': 0.2148744477060795}",20,0,-19.19944121011942,"{0: 18, 1: 1, 2: 0, 3: 0, 4: 1}",0
155,False,"{'a': 0.1, 'e': 0.2127257032290187}",25,13,-42.484522876138165,"{0: 9, 1: 1, 2: 1, 3: 0, 4: 1}",1
156,False,"{'a': 0.1, 'e': 0.21059844619672852}",25,19,3.325694979702641,"{0: 5, 1: 1, 2: 0, 3: 0, 4: 0}",1
157,False,"{'a': 0.1, 'e': 0.20849246173476124}",30,17,-22.700921719659362,"{0: 10, 1: 0, 2: 2, 3: 1, 4: 0}",1
158,False,"{'a': 0.1, 'e': 0.2064075371174136}",25,0,30.510948856275984,"{0: 24, 1: 1, 2: 0, 3: 0, 4: 0}",0
159,False,"{'a': 0.1, 'e': 0.20434346174623946}",25,11,10.924119693326514,"{0: 13, 1: 0, 2: 1, 3: 0, 4: 0}",1
160,False,"{'a': 0.1, 'e': 0.2023000271287771}",25,15,4.431468549292292,"{0: 8, 1: 2, 2: 0, 3: 0, 4: 0}",1
161,False,"{'a': 0.1, 'e': 0.20027702685748933}",25,5,18.224550466325336,"{0: 19, 1: 0, 2: 1, 3: 0, 4: 0}",1
162,False,"{'a': 0.1, 'e': 0.19827425658891443}",20,0,21.168321832958956,"{0: 19, 1: 1, 2: 0, 3: 0, 4: 0}",0
163,False,"{'a': 0.1, 'e': 0.19629151402302528}",20,8,16.885287210196104,"{0: 12, 1: 0, 2: 0, 3: 0, 4: 0}",1
164,False,"{'a': 0.1, 'e': 0.19432859888279502}",25,14,19.6008940655708,"{0: 11, 1: 0, 2: 0, 3: 0, 4: 0}",1
165,False,"{'a': 0.1, 'e': 0.19238531289396707}",30,10,-11.46654832718712,"{0: 19, 1: 0, 2: 0, 3: 0, 4: 1}",1
166,False,"{'a': 0.1, 'e': 0.1904614597650274}",25,0,22.697890140314115,"{0: 23, 1: 2, 2: 0, 3: 0, 4: 0}",0
167,False,"{'a': 0.1, 'e': 0.1885568451673771}",25,13,10.424885930728298,"{0: 11, 1: 0, 2: 1, 3: 0, 4: 0}",1
168,False,"{'a': 0.1, 'e': 0.18667127671570335}",25,13,-36.259827629196295,"{0: 9, 1: 1, 2: 1, 3: 0, 4: 1}",1
169,False,"{'a': 0.1, 'e': 0.1848045639485463}",25,5,35.1658609924885,"{0: 20, 1: 0, 2: 0, 3: 0, 4: 0}",1
170,False,"{'a': 0.1, 'e': 0.18295651830906084}",20,9,8.199698671737039,"{0: 10, 1: 0, 2: 1, 3: 0, 4: 0}",1
171,False,"{'a': 0.1, 'e': 0.18112695312597024}",25,16,3.3083109787801352,"{0: 8, 1: 0, 2: 1, 3: 0, 4: 0}",1
172,False,"{'a': 0.1, 'e': 0.17931568359471053}",20,16,5.477654718124703,"{0: 4, 1: 0, 2: 0, 3: 0, 4: 0}",1
173,False,"{'a': 0.1, 'e': 0.17752252675876343}",20,0,-3.8825110908934364,"{0: 18, 1: 0, 2: 1, 3: 1, 4: 0}",0
174,False,"{'a': 0.1, 'e': 0.1757473014911758}",25,2,-0.788122225404094,"{0: 20, 1: 0, 2: 3, 3: 0, 4: 0}",1
175,False,"{'a': 0.1, 'e': 0.17398982847626404}",20,14,-1.0849218693982845,"{0: 5, 1: 0, 2: 1, 3: 0, 4: 0}",1
176,False,"{'a': 0.1, 'e': 0.1722499301915014}",20,16,7.196773050931984,"{0: 4, 1: 0, 2: 0, 3: 0, 4: 0}",1
177,False,"{'a': 0.1, 'e': 0.17052743088958636}",25,9,26.492358305079456,"{0: 16, 1: 0, 2: 0, 3: 0, 4: 0}",1
178,False,"{'a': 0.1, 'e': 0.1688221565806905}",20,11,9.622483260398155,"{0: 8, 1: 1, 2: 0, 3: 0, 4: 0}",1
179,False,"{'a': 0.1, 'e': 0.1671339350148836}",25,17,6.836867600706975,"{0: 7, 1: 1, 2: 0, 3: 0, 4: 0}",1
180,False,"{'a': 0.1, 'e': 0.16546259566473476}",30,12,-14.736913569001299,"{0: 17, 1: 0, 2: 0, 3: 0, 4: 1}",1
181,False,"{'a': 0.1, 'e': 0.16380796970808742}",20,14,10.03096492798306,"{0: 6, 1: 0, 2: 0, 3: 0, 4: 0}",1
182,False,"{'a': 0.1, 'e': 0.16216989001100654}",20,7,24.108160325432703,"{0: 13, 1: 0, 2: 0, 3: 0, 4: 0}",1
183,False,"{'a': 0.1, 'e': 0.16054819111089647}",20,13,13.111740704627223,"{0: 7, 1: 0, 2: 0, 3: 0, 4: 0}",1
184,False,"{'a': 0.1, 'e': 0.1589427091997875}",20,6,21.56241713785586,"{0: 14, 1: 0, 2: 0, 3: 0, 4: 0}",1
185,False,"{'a': 0.1, 'e': 0.15735328210778962}",20,9,-25.433416096751003,"{0: 10, 1: 0, 2: 0, 3: 0, 4: 1}",1
186,False,"{'a': 0.1, 'e': 0.15577974928671173}",35,17,8.751233293592652,"{0: 16, 1: 0, 2: 2, 3: 0, 4: 0}",1
187,False,"{'a': 0.1, 'e': 0.15422195179384462}",20,15,8.229312446613127,"{0: 5, 1: 0, 2: 0, 3: 0, 4: 0}",1
188,False,"{'a': 0.1, 'e': 0.15267973227590617}",20,2,15.59538119296521,"{0: 17, 1: 0, 2: 1, 3: 0, 4: 0}",1
189,False,"{'a': 0.1, 'e': 0.1511529349531471}",20,14,11.168457205072677,"{0: 6, 1: 0, 2: 0, 3: 0, 4: 0}",1
190,False,"{'a': 0.1, 'e': 0.14964140560361563}",20,11,-7.174202414886878,"{0: 7, 1: 0, 2: 2, 3: 0, 4: 0}",1
191,False,"{'a': 0.1, 'e': 0.14814499154757946}",25,6,25.33401909720409,"{0: 17, 1: 2, 2: 0, 3: 0, 4: 0}",1
192,False,"{'a': 0.1, 'e': 0.14666354163210368}",30,13,28.55667604371603,"{0: 17, 1: 0, 2: 0, 3: 0, 4: 0}",1
193,False,"{'a': 0.1, 'e': 0.14519690621578263}",25,11,19.950063622435472,"{0: 13, 1: 1, 2: 0, 3: 0, 4: 0}",1
194,False,"{'a': 0.1, 'e': 0.1437449371536248}",20,12,16.077770352774998,"{0: 8, 1: 0, 2: 0, 3: 0, 4: 0}",1
195,False,"{'a': 0.1, 'e': 0.14230748778208857}",20,14,8.34643491614533,"{0: 6, 1: 0, 2: 0, 3: 0, 4: 0}",1
196,False,"{'a': 0.1, 'e': 0.14088441290426768}",25,7,29.941155494130786,"{0: 18, 1: 0, 2: 0, 3: 0, 4: 0}",1
197,False,"{'a': 0.1, 'e': 0.139475568775225}",30,12,14.833711247493369,"{0: 16, 1: 1, 2: 1, 3: 0, 4: 0}",1
198,False,"{'a': 0.1, 'e': 0.13808081308747275}",30,18,-33.178289312636636,"{0: 9, 1: 2, 2: 0, 3: 0, 4: 1}",1
199,False,"{'a': 0.1, 'e': 0.136700004956598}",25,1,-72.52100448363996,"{0: 19, 1: 1, 2: 2, 3: 0, 4: 2}",1
200,False,"{'a': 0.1, 'e': 0.13533300490703204}",20,9,4.921410237683272,"{0: 10, 1: 0, 2: 1, 3: 0, 4: 0}",1
201,False,"{'a': 0.1, 'e': 0.13397967485796172}",20,0,31.108797917163482,"{0: 20, 1: 0, 2: 0, 3: 0, 4: 0}",0
202,False,"{'a': 0.1, 'e': 0.1326398781093821}",20,0,-4.126900887258309,"{0: 18, 1: 0, 2: 1, 3: 1, 4: 0}",0
203,False,"{'a': 0.1, 'e': 0.13131347932828827}",30,16,9.59597189916537,"{0: 12, 1: 2, 2: 0, 3: 0, 4: 0}",1
204,False,"{'a': 0.1, 'e': 0.1300003445350054}",25,10,25.88561424502392,"{0: 15, 1: 0, 2: 0, 3: 0, 4: 0}",1
205,False,"{'a': 0.1, 'e': 0.12870034108965533}",20,10,6.379686434379062,"{0: 9, 1: 0, 2: 1, 3: 0, 4: 0}",1
206,False,"{'a': 0.1, 'e': 0.1274133376787588}",30,16,24.9588187962999,"{0: 14, 1: 0, 2: 0, 3: 0, 4: 0}",1
207,False,"{'a': 0.1, 'e': 0.12613920430197118}",20,15,11.079610634158042,"{0: 5, 1: 0, 2: 0, 3: 0, 4: 0}",1
208,False,"{'a': 0.1, 'e': 0.12487781225895148}",20,14,12.458888268077041,"{0: 6, 1: 0, 2: 0, 3: 0, 4: 0}",1
209,False,"{'a': 0.1, 'e': 0.12362903413636196}",20,8,20.66344228625903,"{0: 12, 1: 0, 2: 0, 3: 0, 4: 0}",1
210,False,"{'a': 0.1, 'e': 0.12239274379499834}",20,16,7.7500397179360005,"{0: 4, 1: 0, 2: 0, 3: 0, 4: 0}",1
211,False,"{'a': 0.1, 'e': 0.12116881635704835}",25,11,-31.387327668945723,"{0: 12, 1: 0, 2: 1, 3: 0, 4: 1}",1
212,False,"{'a': 0.1, 'e': 0.11995712819347787}",25,17,12.878504374853286,"{0: 8, 1: 0, 2: 0, 3: 0, 4: 0}",1
213,False,"{'a': 0.1, 'e': 0.11875755691154309}",20,12,14.191377588118328,"{0: 8, 1: 0, 2: 0, 3: 0, 4: 0}",1
214,False,"{'a': 0.1, 'e': 0.11756998134242766}",20,10,16.877394537213878,"{0: 10, 1: 0, 2: 0, 3: 0, 4: 0}",1
215,False,"{'a': 0.1, 'e': 0.11639428152900338}",20,15,9.274409048579939,"{0: 5, 1: 0, 2: 0, 3: 0, 4: 0}",1
216,False,"{'a': 0.1, 'e': 0.11523033871371334}",30,13,30.12633081604464,"{0: 17, 1: 0, 2: 0, 3: 0, 4: 0}",1
217,False,"{'a': 0.1, 'e': 0.11407803532657622}",30,14,17.862681070567067,"{0: 15, 1: 1, 2: 0, 3: 0, 4: 0}",1
218,False,"{'a': 0.1, 'e': 0.11293725497331045}",25,13,-31.25523162231425,"{0: 9, 1: 0, 2: 1, 3: 2, 4: 0}",1
219,False,"{'a': 0.1, 'e': 0.11180788242357734}",30,0,-18.65353707270342,"{0: 28, 1: 0, 2: 0, 3: 1, 4: 1}",0
220,False,"{'a': 0.1, 'e': 0.11068980359934157}",20,15,11.07169148960988,"{0: 5, 1: 0, 2: 0, 3: 0, 4: 0}",1
221,False,"{'a': 0.1, 'e': 0.10958290556334815}",25,5,18.3896469922815,"{0: 18, 1: 2, 2: 0, 3: 0, 4: 0}",1
222,False,"{'a': 0.1, 'e': 0.10848707650771466}",25,10,19.234316749334898,"{0: 14, 1: 0, 2: 1, 3: 0, 4: 0}",1
223,False,"{'a': 0.1, 'e': 0.10740220574263752}",30,14,27.774106825785825,"{0: 16, 1: 0, 2: 0, 3: 0, 4: 0}",1
224,False,"{'a': 0.1, 'e': 0.10632818368521114}",25,16,14.67589592276278,"{0: 9, 1: 0, 2: 0, 3: 0, 4: 0}",1
225,False,"{'a': 0.1, 'e': 0.10526490184835903}",30,16,14.584910429980958,"{0: 13, 1: 0, 2: 1, 3: 0, 4: 0}",1
226,False,"{'a': 0.1, 'e': 0.10421225282987544}",25,16,16.567552813937134,"{0: 9, 1: 0, 2: 0, 3: 0, 4: 0}",1
227,False,"{'a': 0.1, 'e': 0.10317013030157668}",20,16,6.770112085869526,"{0: 4, 1: 0, 2: 0, 3: 0, 4: 0}",1
228,False,"{'a': 0.1, 'e': 0.10213842899856092}",25,18,13.383111844458146,"{0: 7, 1: 0, 2: 0, 3: 0, 4: 0}",1
229,False,"{'a': 0.1, 'e': 0.10111704470857531}",25,18,-14.867779667369096,"{0: 5, 1: 1, 2: 0, 3: 1, 4: 0}",1
230,False,"{'a': 0.1, 'e': 0.10010587426148955}",20,0,27.91929803723985,"{0: 20, 1: 0, 2: 0, 3: 0, 4: 0}",0
231,False,"{'a': 0.1, 'e': 0.09910481551887466}",30,10,32.636917957171725,"{0: 20, 1: 0, 2: 0, 3: 0, 4: 0}",1
232,False,"{'a': 0.1, 'e': 0.0981137673636859}",20,3,30.269210202192266,"{0: 17, 1: 0, 2: 0, 3: 0, 4: 0}",1
233,False,"{'a': 0.1, 'e': 0.09713262969004906}",25,12,22.251778252068824,"{0: 13, 1: 0, 2: 0, 3: 0, 4: 0}",1
234,False,"{'a': 0.1, 'e': 0.09616130339314856}",25,14,20.176247180800758,"{0: 11, 1: 0, 2: 0, 3: 0, 4: 0}",1
235,False,"{'a': 0.1, 'e': 0.09519969035921708}",20,10,11.071095190053882,"{0: 9, 1: 1, 2: 0, 3: 0, 4: 0}",1
236,False,"{'a': 0.1, 'e': 0.0942476934556249}",25,12,27.16908974405031,"{0: 13, 1: 0, 2: 0, 3: 0, 4: 0}",1
237,False,"{'a': 0.1, 'e': 0.09330521652106866}",20,7,12.435637878134067,"{0: 12, 1: 0, 2: 1, 3: 0, 4: 0}",1
238,False,"{'a': 0.1, 'e': 0.09237216435585796}",20,8,22.897668039351082,"{0: 12, 1: 0, 2: 0, 3: 0, 4: 0}",1
239,False,"{'a': 0.1, 'e': 0.09144844271229938}",25,0,23.633053879009942,"{0: 24, 1: 0, 2: 1, 3: 0, 4: 0}",1
240,False,"{'a': 0.1, 'e': 0.0905339582851764}",30,16,11.593364038334151,"{0: 13, 1: 0, 2: 1, 3: 0, 4: 0}",1
241,False,"{'a': 0.1, 'e': 0.08962861870232462}",25,13,22.97257116689969,"{0: 12, 1: 0, 2: 0, 3: 0, 4: 0}",1
242,False,"{'a': 0.1, 'e': 0.08873233251530138}",20,12,14.684048412913906,"{0: 8, 1: 0, 2: 0, 3: 0, 4: 0}",1
243,False,"{'a': 0.1, 'e': 0.08784500919014836}",30,16,26.58752161177654,"{0: 14, 1: 0, 2: 0, 3: 0, 4: 0}",1
244,False,"{'a': 0.1, 'e': 0.08696655909824688}",20,0,27.437572623094432,"{0: 20, 1: 0, 2: 0, 3: 0, 4: 0}",0
245,False,"{'a': 0.1, 'e': 0.0860968935072644}",25,13,9.827905564909164,"{0: 11, 1: 0, 2: 1, 3: 0, 4: 0}",1
246,False,"{'a': 0.1, 'e': 0.08523592457219176}",25,17,13.1433408526612,"{0: 8, 1: 0, 2: 0, 3: 0, 4: 0}",1
247,False,"{'a': 0.1, 'e': 0.08438356532646984}",20,11,-29.950861575401763,"{0: 7, 1: 1, 2: 0, 3: 0, 4: 1}",1
248,False,"{'a': 0.1, 'e': 0.08353972967320515}",20,9,25.11134981075226,"{0: 11, 1: 0, 2: 0, 3: 0, 4: 0}",1
249,False,"{'a': 0.1, 'e': 0.0827043323764731}",25,15,18.63824482977598,"{0: 10, 1: 0, 2: 0, 3: 0, 4: 0}",1
250,False,"{'a': 0.1, 'e': 0.08187728905270836}",25,16,17.366234180951274,"{0: 9, 1: 0, 2: 0, 3: 0, 4: 0}",1
251,False,"{'a': 0.1, 'e': 0.08105851616218128}",30,13,20.75175009156865,"{0: 16, 1: 0, 2: 1, 3: 0, 4: 0}",1
252,False,"{'a': 0.1, 'e': 0.08024793100055946}",20,16,6.674416668556592,"{0: 4, 1: 0, 2: 0, 3: 0, 4: 0}",1
253,False,"{'a': 0.1, 'e': 0.07944545169055386}",30,24,10.257035131008259,"{0: 6, 1: 0, 2: 0, 3: 0, 4: 0}",1
254,False,"{'a': 0.1, 'e': 0.07865099717364833}",30,7,38.01378621352041,"{0: 23, 1: 0, 2: 0, 3: 0, 4: 0}",1
255,False,"{'a': 0.1, 'e': 0.07786448720191184}",20,16,8.178179401802943,"{0: 4, 1: 0, 2: 0, 3: 0, 4: 0}",1
256,False,"{'a': 0.1, 'e': 0.07708584232989273}",20,2,30.71962992861798,"{0: 18, 1: 0, 2: 0, 3: 0, 4: 0}",1
257,False,"{'a': 0.1, 'e': 0.0763149839065938}",20,9,19.854526893786275,"{0: 11, 1: 0, 2: 0, 3: 0, 4: 0}",1
258,False,"{'a': 0.1, 'e': 0.07555183406752786}",20,12,-1.6325713039156957,"{0: 7, 1: 0, 2: 1, 3: 0, 4: 0}",1
259,False,"{'a': 0.1, 'e': 0.07479631572685258}",30,14,23.902443571259333,"{0: 15, 1: 1, 2: 0, 3: 0, 4: 0}",1
260,False,"{'a': 0.1, 'e': 0.07404835256958406}",25,7,25.5792178246079,"{0: 17, 1: 1, 2: 0, 3: 0, 4: 0}",1
261,False,"{'a': 0.1, 'e': 0.07330786904388821}",20,9,17.92191353122483,"{0: 11, 1: 0, 2: 0, 3: 0, 4: 0}",1
262,False,"{'a': 0.1, 'e': 0.07257479035344933}",30,19,19.033820833185402,"{0: 11, 1: 0, 2: 0, 3: 0, 4: 0}",1
263,False,"{'a': 0.1, 'e': 0.07184904244991484}",30,17,23.080668673060128,"{0: 13, 1: 0, 2: 0, 3: 0, 4: 0}",1
264,False,"{'a': 0.1, 'e': 0.07113055202541568}",20,16,8.384899117452433,"{0: 4, 1: 0, 2: 0, 3: 0, 4: 0}",1
265,False,"{'a': 0.1, 'e': 0.07041924650516153}",20,9,22.729322408064498,"{0: 11, 1: 0, 2: 0, 3: 0, 4: 0}",1
266,False,"{'a': 0.1, 'e': 0.06971505404010991}",25,18,14.311802972895824,"{0: 7, 1: 0, 2: 0, 3: 0, 4: 0}",1
267,False,"{'a': 0.1, 'e': 0.06901790349970881}",20,9,21.54777843431675,"{0: 11, 1: 0, 2: 0, 3: 0, 4: 0}",1
268,False,"{'a': 0.1, 'e': 0.06832772446471172}",20,12,16.261124385619244,"{0: 8, 1: 0, 2: 0, 3: 0, 4: 0}",1
269,False,"{'a': 0.1, 'e': 0.0676444472200646}",30,13,19.061444331690247,"{0: 16, 1: 0, 2: 1, 3: 0, 4: 0}",1
270,False,"{'a': 0.1, 'e': 0.06696800274786396}",30,21,11.978215203209158,"{0: 8, 1: 1, 2: 0, 3: 0, 4: 0}",1
271,False,"{'a': 0.1, 'e': 0.06629832272038531}",20,16,8.472526318593884,"{0: 4, 1: 0, 2: 0, 3: 0, 4: 0}",1
272,False,"{'a': 0.1, 'e': 0.06563533949318147}",20,14,-1.293057484960228,"{0: 5, 1: 0, 2: 1, 3: 0, 4: 0}",1
273,False,"{'a': 0.1, 'e': 0.06497898609824965}",25,11,4.664486074257033,"{0: 13, 1: 0, 2: 0, 3: 1, 4: 0}",1
274,False,"{'a': 0.1, 'e': 0.06432919623726716}",25,12,-15.121859428682052,"{0: 12, 1: 0, 2: 0, 3: 0, 4: 1}",1
275,False,"{'a': 0.1, 'e': 0.06368590427489448}",20,0,-30.403746587487284,"{0: 18, 1: 0, 2: 1, 3: 0, 4: 1}",0
276,False,"{'a': 0.1, 'e': 0.06304904523214554}",25,13,7.905425835106655,"{0: 11, 1: 0, 2: 1, 3: 0, 4: 0}",1
277,False,"{'a': 0.1, 'e': 0.06241855477982408}",30,17,22.796900084268486,"{0: 13, 1: 0, 2: 0, 3: 0, 4: 0}",1
278,False,"{'a': 0.1, 'e': 0.06179436923202584}",30,24,10.128631992560313,"{0: 6, 1: 0, 2: 0, 3: 0, 4: 0}",1
279,False,"{'a': 0.1, 'e': 0.06117642553970558}",20,10,16.449407003705808,"{0: 10, 1: 0, 2: 0, 3: 0, 4: 0}",1
280,False,"{'a': 0.1, 'e': 0.06056466128430853}",20,10,18.286151522097008,"{0: 10, 1: 0, 2: 0, 3: 0, 4: 0}",1
281,False,"{'a': 0.1, 'e': 0.05995901467146544}",20,13,15.053185236243301,"{0: 7, 1: 0, 2: 0, 3: 0, 4: 0}",1
282,False,"{'a': 0.1, 'e': 0.059359424524750785}",20,8,20.28281666628467,"{0: 12, 1: 0, 2: 0, 3: 0, 4: 0}",1
283,False,"{'a': 0.1, 'e': 0.05876583027950327}",20,8,10.241976561589745,"{0: 11, 1: 0, 2: 1, 3: 0, 4: 0}",1
284,False,"{'a': 0.1, 'e': 0.05817817197670824}",20,8,25.32584155461,"{0: 12, 1: 0, 2: 0, 3: 0, 4: 0}",1
285,False,"{'a': 0.1, 'e': 0.05759639025694116}",20,0,29.318591694424725,"{0: 20, 1: 0, 2: 0, 3: 0, 4: 0}",0
286,False,"{'a': 0.1, 'e': 0.057020426354371746}",25,18,14.247185208047746,"{0: 7, 1: 0, 2: 0, 3: 0, 4: 0}",1
287,False,"{'a': 0.1, 'e': 0.05645022209082803}",20,13,13.210893127865369,"{0: 7, 1: 0, 2: 0, 3: 0, 4: 0}",1
288,False,"{'a': 0.1, 'e': 0.05588571986991975}",25,3,20.813929774468498,"{0: 21, 1: 0, 2: 1, 3: 0, 4: 0}",1
289,False,"{'a': 0.1, 'e': 0.05532686267122055}",20,0,15.938743283770432,"{0: 19, 1: 0, 2: 1, 3: 0, 4: 0}",0
290,False,"{'a': 0.1, 'e': 0.05477359404450834}",25,16,18.689523656416895,"{0: 9, 1: 0, 2: 0, 3: 0, 4: 0}",1
291,False,"{'a': 0.1, 'e': 0.05422585810406326}",20,3,21.793494209460068,"{0: 16, 1: 0, 2: 1, 3: 0, 4: 0}",1
292,False,"{'a': 0.1, 'e': 0.05368359952302263}",35,24,16.398274901843187,"{0: 11, 1: 0, 2: 0, 3: 0, 4: 0}",1
293,False,"{'a': 0.1, 'e': 0.0531467635277924}",20,8,19.578006674564186,"{0: 12, 1: 0, 2: 0, 3: 0, 4: 0}",1
294,False,"{'a': 0.1, 'e': 0.05261529589251448}",20,0,32.06741297881851,"{0: 20, 1: 0, 2: 0, 3: 0, 4: 0}",0
295,False,"{'a': 0.1, 'e': 0.05208914293358933}",25,18,12.43413050720741,"{0: 7, 1: 0, 2: 0, 3: 0, 4: 0}",1
296,False,"{'a': 0.1, 'e': 0.05156825150425344}",25,0,-14.587901584956317,"{0: 23, 1: 1, 2: 0, 3: 0, 4: 1}",0
297,False,"{'a': 0.1, 'e': 0.0510525689892109}",25,0,19.12202215363352,"{0: 23, 1: 0, 2: 2, 3: 0, 4: 0}",0
298,False,"{'a': 0.1, 'e': 0.050542043299318794}",20,0,21.321286198269032,"{0: 19, 1: 0, 2: 1, 3: 0, 4: 0}",0
299,False,"{'a': 0.1, 'e': 0.050036622866325604}",20,11,9.586910420964138,"{0: 8, 1: 1, 2: 0, 3: 0, 4: 0}",1
300,False,"{'a': 0.1, 'e': 0.04953625663766235}",35,21,21.04647202192321,"{0: 13, 1: 1, 2: 0, 3: 0, 4: 0}",1
301,False,"{'a': 0.1, 'e': 0.04904089407128572}",20,0,14.948808222505496,"{0: 19, 1: 0, 2: 1, 3: 0, 4: 0}",0
302,False,"{'a': 0.1, 'e': 0.04855048513057287}",25,15,18.595084613880953,"{0: 10, 1: 0, 2: 0, 3: 0, 4: 0}",1
303,False,"{'a': 0.1, 'e': 0.04806498027926714}",25,8,31.610024404411863,"{0: 17, 1: 0, 2: 0, 3: 0, 4: 0}",1
304,False,"{'a': 0.1, 'e': 0.047584330476474465}",20,12,11.83199950548916,"{0: 8, 1: 0, 2: 0, 3: 0, 4: 0}",1
305,False,"{'a': 0.1, 'e': 0.04710848717170972}",25,13,17.8050448585125,"{0: 12, 1: 0, 2: 0, 3: 0, 4: 0}",1
306,False,"{'a': 0.1, 'e': 0.04663740229999262}",20,5,27.618261478197407,"{0: 15, 1: 0, 2: 0, 3: 0, 4: 0}",1
307,False,"{'a': 0.1, 'e': 0.046171028276992696}",25,0,36.875943605213436,"{0: 25, 1: 0, 2: 0, 3: 0, 4: 0}",0
308,False,"{'a': 0.1, 'e': 0.045709317994222766}",20,9,22.306589525154124,"{0: 11, 1: 0, 2: 0, 3: 0, 4: 0}",1
309,False,"{'a': 0.1, 'e': 0.04525222481428054}",20,9,15.104956161916286,"{0: 11, 1: 0, 2: 0, 3: 0, 4: 0}",1
310,False,"{'a': 0.1, 'e': 0.04479970256613774}",25,0,40.67890682858918,"{0: 25, 1: 0, 2: 0, 3: 0, 4: 0}",0
311,False,"{'a': 0.1, 'e': 0.044351705540476356}",25,9,24.01818394686068,"{0: 16, 1: 0, 2: 0, 3: 0, 4: 0}",1
312,False,"{'a': 0.1, 'e': 0.043908188485071595}",20,3,21.21927693577575,"{0: 16, 1: 0, 2: 1, 3: 0, 4: 0}",1
313,False,"{'a': 0.1, 'e': 0.04346910660022088}",30,18,17.962427381573825,"{0: 12, 1: 0, 2: 0, 3: 0, 4: 0}",1
314,False,"{'a': 0.1, 'e': 0.04303441553421867}",30,19,20.776434380112764,"{0: 11, 1: 0, 2: 0, 3: 0, 4: 0}",1
315,False,"{'a': 0.1, 'e': 0.04260407137887648}",30,16,18.759669578458663,"{0: 13, 1: 1, 2: 0, 3: 0, 4: 0}",1
316,False,"{'a': 0.1, 'e': 0.04217803066508771}",30,4,37.004310983548926,"{0: 26, 1: 0, 2: 0, 3: 0, 4: 0}",1
317,False,"{'a': 0.1, 'e': 0.04175625035843684}",30,20,19.543117004997928,"{0: 10, 1: 0, 2: 0, 3: 0, 4: 0}",1
318,False,"{'a': 0.1, 'e': 0.041338687854852466}",25,5,33.47848192748633,"{0: 20, 1: 0, 2: 0, 3: 0, 4: 0}",1
319,False,"{'a': 0.1, 'e': 0.040925300976303945}",30,19,20.212046023590915,"{0: 11, 1: 0, 2: 0, 3: 0, 4: 0}",1
320,False,"{'a': 0.1, 'e': 0.0405160479665409}",25,11,25.494424161045124,"{0: 14, 1: 0, 2: 0, 3: 0, 4: 0}",1
321,False,"{'a': 0.1, 'e': 0.040110887486875496}",20,6,17.360684688273565,"{0: 13, 1: 1, 2: 0, 3: 0, 4: 0}",1
322,False,"{'a': 0.1, 'e': 0.03970977861200674}",25,18,13.568483681313303,"{0: 7, 1: 0, 2: 0, 3: 0, 4: 0}",1
323,False,"{'a': 0.1, 'e': 0.039312680825886674}",25,18,12.829810237951456,"{0: 7, 1: 0, 2: 0, 3: 0, 4: 0}",1
324,False,"{'a': 0.1, 'e': 0.038919554017627804}",20,12,15.500830102377474,"{0: 8, 1: 0, 2: 0, 3: 0, 4: 0}",1
325,False,"{'a': 0.1, 'e': 0.03853035847745152}",20,6,22.283233049055788,"{0: 14, 1: 0, 2: 0, 3: 0, 4: 0}",1
326,False,"{'a': 0.1, 'e': 0.03814505489267701}",30,18,22.69469672830104,"{0: 12, 1: 0, 2: 0, 3: 0, 4: 0}",1
327,False,"{'a': 0.1, 'e': 0.03776360434375024}",20,12,11.867391979432359,"{0: 8, 1: 0, 2: 0, 3: 0, 4: 0}",1
328,False,"{'a': 0.1, 'e': 0.03738596830031274}",20,8,20.77321530852484,"{0: 12, 1: 0, 2: 0, 3: 0, 4: 0}",1
329,False,"{'a': 0.1, 'e': 0.03701210861730961}",20,9,21.1368835489355,"{0: 11, 1: 0, 2: 0, 3: 0, 4: 0}",1
330,False,"{'a': 0.1, 'e': 0.03664198753113651}",20,6,24.784784894585922,"{0: 14, 1: 0, 2: 0, 3: 0, 4: 0}",1
331,False,"{'a': 0.1, 'e': 0.036275567655825146}",25,20,8.558750849748048,"{0: 5, 1: 0, 2: 0, 3: 0, 4: 0}",1
332,False,"{'a': 0.1, 'e': 0.03591281197926689}",20,0,31.9304010414143,"{0: 20, 1: 0, 2: 0, 3: 0, 4: 0}",1
333,False,"{'a': 0.1, 'e': 0.03555368385947423}",20,0,10.664102777198927,"{0: 19, 1: 0, 2: 0, 3: 1, 4: 0}",1
334,False,"{'a': 0.1, 'e': 0.035198147020879485}",20,14,11.84268951587063,"{0: 6, 1: 0, 2: 0, 3: 0, 4: 0}",1
335,False,"{'a': 0.1, 'e': 0.03484616555067069}",20,12,16.17993832389717,"{0: 8, 1: 0, 2: 0, 3: 0, 4: 0}",1
336,False,"{'a': 0.1, 'e': 0.03449770389516398}",20,7,28.180841000971487,"{0: 13, 1: 0, 2: 0, 3: 0, 4: 0}",1
337,False,"{'a': 0.1, 'e': 0.03415272685621234}",20,6,16.656392829948487,"{0: 13, 1: 1, 2: 0, 3: 0, 4: 0}",1
338,False,"{'a': 0.1, 'e': 0.03381119958765022}",25,13,20.70831175310515,"{0: 12, 1: 0, 2: 0, 3: 0, 4: 0}",1
339,False,"{'a': 0.1, 'e': 0.03347308759177372}",20,7,21.806852666565916,"{0: 13, 1: 0, 2: 0, 3: 0, 4: 0}",1
340,False,"{'a': 0.1, 'e': 0.03313835671585598}",20,9,24.13097427691517,"{0: 11, 1: 0, 2: 0, 3: 0, 4: 0}",1
341,False,"{'a': 0.1, 'e': 0.03280697314869742}",25,10,27.308163862787033,"{0: 15, 1: 0, 2: 0, 3: 0, 4: 0}",1
342,False,"{'a': 0.1, 'e': 0.03247890341721044}",25,17,17.29954379236604,"{0: 8, 1: 0, 2: 0, 3: 0, 4: 0}",1
343,False,"{'a': 0.1, 'e': 0.03215411438303834}",30,17,27.893723050431745,"{0: 13, 1: 0, 2: 0, 3: 0, 4: 0}",1
344,False,"{'a': 0.1, 'e': 0.031832573239207955}",20,11,17.843595876686063,"{0: 9, 1: 0, 2: 0, 3: 0, 4: 0}",1
345,False,"{'a': 0.1, 'e': 0.031514247506815876}",20,9,18.093944020637405,"{0: 11, 1: 0, 2: 0, 3: 0, 4: 0}",1
346,False,"{'a': 0.1, 'e': 0.031199105031747717}",20,15,8.81541949468385,"{0: 5, 1: 0, 2: 0, 3: 0, 4: 0}",1
347,False,"{'a': 0.1, 'e': 0.03088711398143024}",20,0,32.20891526280772,"{0: 20, 1: 0, 2: 0, 3: 0, 4: 0}",0
348,False,"{'a': 0.1, 'e': 0.030578242841615935}",20,13,11.358829597465892,"{0: 7, 1: 0, 2: 0, 3: 0, 4: 0}",1
349,False,"{'a': 0.1, 'e': 0.030272460413199778}",20,0,32.82996409888082,"{0: 20, 1: 0, 2: 0, 3: 0, 4: 0}",0
350,False,"{'a': 0.1, 'e': 0.02996973580906778}",20,10,14.460756573224923,"{0: 10, 1: 0, 2: 0, 3: 0, 4: 0}",1
351,False,"{'a': 0.1, 'e': 0.0296700384509771}",25,8,29.22297006601841,"{0: 17, 1: 0, 2: 0, 3: 0, 4: 0}",1
352,False,"{'a': 0.1, 'e': 0.02937333806646733}",25,15,15.964296180242126,"{0: 10, 1: 0, 2: 0, 3: 0, 4: 0}",1
353,False,"{'a': 0.1, 'e': 0.029079604685802656}",30,11,19.478317929362706,"{0: 18, 1: 0, 2: 1, 3: 0, 4: 0}",1
354,False,"{'a': 0.1, 'e': 0.02878880863894463}",20,12,12.66312036182001,"{0: 8, 1: 0, 2: 0, 3: 0, 4: 0}",1
355,False,"{'a': 0.1, 'e': 0.02850092055255518}",20,12,18.056982563679355,"{0: 8, 1: 0, 2: 0, 3: 0, 4: 0}",1
356,False,"{'a': 0.1, 'e': 0.02821591134702963}",25,8,28.962325748640737,"{0: 17, 1: 0, 2: 0, 3: 0, 4: 0}",1
357,False,"{'a': 0.1, 'e': 0.027933752233559334}",25,18,15.029126711327896,"{0: 7, 1: 0, 2: 0, 3: 0, 4: 0}",1
358,False,"{'a': 0.1, 'e': 0.027654414711223742}",20,13,13.78860723832521,"{0: 7, 1: 0, 2: 0, 3: 0, 4: 0}",1
359,False,"{'a': 0.1, 'e': 0.027377870564111503}",20,5,24.653937018857828,"{0: 15, 1: 0, 2: 0, 3: 0, 4: 0}",1
360,False,"{'a': 0.1, 'e': 0.027104091858470385}",25,0,38.786877585390194,"{0: 25, 1: 0, 2: 0, 3: 0, 4: 0}",0
361,False,"{'a': 0.1, 'e': 0.026833050939885684}",20,3,28.422976799694986,"{0: 17, 1: 0, 2: 0, 3: 0, 4: 0}",1
362,False,"{'a': 0.1, 'e': 0.026564720430486827}",20,11,15.789859230189101,"{0: 9, 1: 0, 2: 0, 3: 0, 4: 0}",1
363,False,"{'a': 0.1, 'e': 0.026299073226181958}",25,20,10.348113536622554,"{0: 5, 1: 0, 2: 0, 3: 0, 4: 0}",1
364,False,"{'a': 0.1, 'e': 0.026036082493920136}",25,8,29.371724801790197,"{0: 17, 1: 0, 2: 0, 3: 0, 4: 0}",1
365,False,"{'a': 0.1, 'e': 0.025775721668980935}",30,16,28.937478727979006,"{0: 14, 1: 0, 2: 0, 3: 0, 4: 0}",1
366,False,"{'a': 0.1, 'e': 0.025517964452291125}",20,12,12.195921777208154,"{0: 8, 1: 0, 2: 0, 3: 0, 4: 0}",1
367,False,"{'a': 0.1, 'e': 0.025262784807768213}",20,6,22.494323082065783,"{0: 14, 1: 0, 2: 0, 3: 0, 4: 0}",1
368,False,"{'a': 0.1, 'e': 0.025010156959690534}",35,25,15.065334466565707,"{0: 10, 1: 0, 2: 0, 3: 0, 4: 0}",1
369,False,"{'a': 0.1, 'e': 0.024760055390093627}",25,4,-18.121750615140503,"{0: 18, 1: 0, 2: 2, 3: 1, 4: 0}",1
370,False,"{'a': 0.1, 'e': 0.02451245483619269}",35,15,40.66119222634447,"{0: 20, 1: 0, 2: 0, 3: 0, 4: 0}",1
371,False,"{'a': 0.1, 'e': 0.024267330287830763}",20,11,17.216310312157816,"{0: 9, 1: 0, 2: 0, 3: 0, 4: 0}",1
372,False,"{'a': 0.1, 'e': 0.024024656984952455}",20,16,7.809064350877835,"{0: 4, 1: 0, 2: 0, 3: 0, 4: 0}",1
373,False,"{'a': 0.1, 'e': 0.02378441041510293}",20,16,6.809313128538169,"{0: 4, 1: 0, 2: 0, 3: 0, 4: 0}",1
374,False,"{'a': 0.1, 'e': 0.0235465663109519}",20,7,22.88150742369914,"{0: 13, 1: 0, 2: 0, 3: 0, 4: 0}",1
375,False,"{'a': 0.1, 'e': 0.02331110064784238}",20,11,6.448448286166992,"{0: 8, 1: 0, 2: 1, 3: 0, 4: 0}",1
376,False,"{'a': 0.1, 'e': 0.02307798964136396}",20,12,18.21365696773801,"{0: 8, 1: 0, 2: 0, 3: 0, 4: 0}",1
377,False,"{'a': 0.1, 'e': 0.022847209744950317}",25,18,12.604368466157863,"{0: 7, 1: 0, 2: 0, 3: 0, 4: 0}",1
378,False,"{'a': 0.1, 'e': 0.022618737647500817}",35,26,19.188247655122986,"{0: 9, 1: 0, 2: 0, 3: 0, 4: 0}",1
379,False,"{'a': 0.1, 'e': 0.022392550271025807}",20,16,6.681584251226054,"{0: 4, 1: 0, 2: 0, 3: 0, 4: 0}",1
380,False,"{'a': 0.1, 'e': 0.022168624768315548}",20,12,11.95922069734451,"{0: 8, 1: 0, 2: 0, 3: 0, 4: 0}",1
381,False,"{'a': 0.1, 'e': 0.021946938520632394}",20,14,13.354869234250602,"{0: 6, 1: 0, 2: 0, 3: 0, 4: 0}",1
382,False,"{'a': 0.1, 'e': 0.02172746913542607}",20,9,23.511871600418484,"{0: 11, 1: 0, 2: 0, 3: 0, 4: 0}",1
383,False,"{'a': 0.1, 'e': 0.021510194444071807}",25,15,16.489383877650283,"{0: 10, 1: 0, 2: 0, 3: 0, 4: 0}",1
384,False,"{'a': 0.1, 'e': 0.021295092499631088}",20,13,13.28939361098331,"{0: 7, 1: 0, 2: 0, 3: 0, 4: 0}",1
385,False,"{'a': 0.1, 'e': 0.02108214157463478}",25,12,16.029495341803315,"{0: 12, 1: 1, 2: 0, 3: 0, 4: 0}",1
386,False,"{'a': 0.1, 'e': 0.02087132015888843}",30,20,3.8791658665702133,"{0: 9, 1: 0, 2: 1, 3: 0, 4: 0}",1
387,False,"{'a': 0.1, 'e': 0.020662606957299545}",25,8,29.362382666265265,"{0: 17, 1: 0, 2: 0, 3: 0, 4: 0}",1
388,False,"{'a': 0.1, 'e': 0.02045598088772655}",20,12,16.44123288049263,"{0: 8, 1: 0, 2: 0, 3: 0, 4: 0}",1
389,False,"{'a': 0.1, 'e': 0.020251421078849283}",20,6,26.743384007226986,"{0: 14, 1: 0, 2: 0, 3: 0, 4: 0}",1
390,False,"{'a': 0.1, 'e': 0.02004890686806079}",20,3,25.72396887362875,"{0: 17, 1: 0, 2: 0, 3: 0, 4: 0}",1
391,False,"{'a': 0.1, 'e': 0.019848417799380184}",35,17,27.888552593498222,"{0: 18, 1: 0, 2: 0, 3: 0, 4: 0}",1
392,False,"{'a': 0.1, 'e': 0.01964993362138638}",20,15,10.789584910997107,"{0: 5, 1: 0, 2: 0, 3: 0, 4: 0}",1
393,False,"{'a': 0.1, 'e': 0.019453434285172516}",20,0,30.57797632441066,"{0: 20, 1: 0, 2: 0, 3: 0, 4: 0}",0
394,False,"{'a': 0.1, 'e': 0.01925889994232079}",20,9,22.031872153846567,"{0: 11, 1: 0, 2: 0, 3: 0, 4: 0}",1
395,False,"{'a': 0.1, 'e': 0.019066310942897586}",25,13,22.567263072486423,"{0: 12, 1: 0, 2: 0, 3: 0, 4: 0}",1
396,False,"{'a': 0.1, 'e': 0.01887564783346861}",25,9,27.428364004080866,"{0: 16, 1: 0, 2: 0, 3: 0, 4: 0}",1
397,False,"{'a': 0.1, 'e': 0.018686891355133923}",30,7,41.38894697036613,"{0: 23, 1: 0, 2: 0, 3: 0, 4: 0}",1
398,False,"{'a': 0.1, 'e': 0.01850002244158258}",20,13,12.238539039679287,"{0: 7, 1: 0, 2: 0, 3: 0, 4: 0}",1
399,False,"{'a': 0.1, 'e': 0.018315022217166757}",20,12,16.215440307323988,"{0: 8, 1: 0, 2: 0, 3: 0, 4: 0}",1
400,False,"{'a': 0.1, 'e': 0.018131871994995087}",20,5,21.669779089063944,"{0: 15, 1: 0, 2: 0, 3: 0, 4: 0}",1
401,False,"{'a': 0.1, 'e': 0.017950553275045137}",35,23,22.39965060633342,"{0: 12, 1: 0, 2: 0, 3: 0, 4: 0}",1
402,False,"{'a': 0.1, 'e': 0.017771047742294686}",35,25,19.546393643335826,"{0: 10, 1: 0, 2: 0, 3: 0, 4: 0}",1
403,False,"{'a': 0.1, 'e': 0.01759333726487174}",20,15,10.15011481630617,"{0: 5, 1: 0, 2: 0, 3: 0, 4: 0}",1
404,False,"{'a': 0.1, 'e': 0.017417403892223023}",25,18,13.974390494545776,"{0: 7, 1: 0, 2: 0, 3: 0, 4: 0}",1
405,False,"{'a': 0.1, 'e': 0.01724322985330079}",20,11,17.38779848354989,"{0: 9, 1: 0, 2: 0, 3: 0, 4: 0}",1
406,False,"{'a': 0.1, 'e': 0.017070797554767782}",25,3,38.278185970145785,"{0: 22, 1: 0, 2: 0, 3: 0, 4: 0}",1
407,False,"{'a': 0.1, 'e': 0.016900089579220106}",20,9,20.590044232857494,"{0: 11, 1: 0, 2: 0, 3: 0, 4: 0}",1
408,False,"{'a': 0.1, 'e': 0.016731088683427903}",25,11,26.16969643730237,"{0: 14, 1: 0, 2: 0, 3: 0, 4: 0}",1
409,False,"{'a': 0.1, 'e': 0.016563777796593626}",30,19,10.761711515844798,"{0: 10, 1: 1, 2: 0, 3: 0, 4: 0}",1
410,False,"{'a': 0.1, 'e': 0.016398140018627688}",20,10,18.83668480407238,"{0: 10, 1: 0, 2: 0, 3: 0, 4: 0}",1
411,False,"{'a': 0.1, 'e': 0.01623415861844141}",20,10,20.50026411142472,"{0: 10, 1: 0, 2: 0, 3: 0, 4: 0}",1
412,False,"{'a': 0.1, 'e': 0.016071817032256998}",20,5,26.848127220563043,"{0: 15, 1: 0, 2: 0, 3: 0, 4: 0}",1
413,False,"{'a': 0.1, 'e': 0.015911098861934425}",25,5,22.071255736997877,"{0: 19, 1: 0, 2: 1, 3: 0, 4: 0}",1
414,False,"{'a': 0.1, 'e': 0.015751987873315082}",25,14,21.548397475005423,"{0: 11, 1: 0, 2: 0, 3: 0, 4: 0}",1
415,False,"{'a': 0.1, 'e': 0.015594467994581931}",20,15,8.896010175470941,"{0: 5, 1: 0, 2: 0, 3: 0, 4: 0}",1
416,False,"{'a': 0.1, 'e': 0.015438523314636111}",25,20,9.607640512309985,"{0: 5, 1: 0, 2: 0, 3: 0, 4: 0}",1
417,False,"{'a': 0.1, 'e': 0.01528413808148975}",25,17,12.176709882524706,"{0: 8, 1: 0, 2: 0, 3: 0, 4: 0}",1
418,False,"{'a': 0.1, 'e': 0.015131296700674854}",20,14,11.113338707738144,"{0: 6, 1: 0, 2: 0, 3: 0, 4: 0}",1
419,False,"{'a': 0.1, 'e': 0.014979983733668104}",20,13,13.313771353327459,"{0: 7, 1: 0, 2: 0, 3: 0, 4: 0}",1
420,False,"{'a': 0.1, 'e': 0.014830183896331423}",35,24,24.19825077455514,"{0: 11, 1: 0, 2: 0, 3: 0, 4: 0}",1
421,False,"{'a': 0.1, 'e': 0.014681882057368109}",20,0,32.27288956951314,"{0: 20, 1: 0, 2: 0, 3: 0, 4: 0}",0
422,False,"{'a': 0.1, 'e': 0.014535063236794427}",25,0,-0.5508311299870654,"{0: 24, 1: 0, 2: 0, 3: 0, 4: 1}",0
423,False,"{'a': 0.1, 'e': 0.014389712604426484}",20,13,10.773837343666163,"{0: 7, 1: 0, 2: 0, 3: 0, 4: 0}",1
424,False,"{'a': 0.1, 'e': 0.014245815478382218}",25,13,18.488455454960036,"{0: 12, 1: 0, 2: 0, 3: 0, 4: 0}",1
425,False,"{'a': 0.1, 'e': 0.014103357323598397}",20,10,18.08563612131121,"{0: 10, 1: 0, 2: 0, 3: 0, 4: 0}",1
426,False,"{'a': 0.1, 'e': 0.013962323750362412}",25,3,35.844618346449344,"{0: 22, 1: 0, 2: 0, 3: 0, 4: 0}",1
427,False,"{'a': 0.1, 'e': 0.013822700512858787}",20,13,12.220672049814816,"{0: 7, 1: 0, 2: 0, 3: 0, 4: 0}",1
428,False,"{'a': 0.1, 'e': 0.013684473507730199}",30,23,14.347060289822434,"{0: 7, 1: 0, 2: 0, 3: 0, 4: 0}",1
429,False,"{'a': 0.1, 'e': 0.013547628772652897}",30,13,30.22387341416441,"{0: 17, 1: 0, 2: 0, 3: 0, 4: 0}",1
430,False,"{'a': 0.1, 'e': 0.013412152484926368}",20,8,24.064832924153244,"{0: 12, 1: 0, 2: 0, 3: 0, 4: 0}",1
431,False,"{'a': 0.1, 'e': 0.013278030960077104}",20,6,23.150238797420645,"{0: 14, 1: 0, 2: 0, 3: 0, 4: 0}",1
432,False,"{'a': 0.1, 'e': 0.013145250650476333}",25,12,26.795935878034925,"{0: 13, 1: 0, 2: 0, 3: 0, 4: 0}",1
433,False,"{'a': 0.1, 'e': 0.01301379814397157}",30,18,21.309298451392674,"{0: 12, 1: 0, 2: 0, 3: 0, 4: 0}",1
434,False,"{'a': 0.1, 'e': 0.012883660162531854}",25,10,21.703557118376317,"{0: 15, 1: 0, 2: 0, 3: 0, 4: 0}",1
435,False,"{'a': 0.1, 'e': 0.012754823560906535}",35,23,24.187451876545808,"{0: 12, 1: 0, 2: 0, 3: 0, 4: 0}",1
436,False,"{'a': 0.1, 'e': 0.01262727532529747}",30,16,27.943401219866956,"{0: 14, 1: 0, 2: 0, 3: 0, 4: 0}",1
437,False,"{'a': 0.1, 'e': 0.012501002572044496}",25,10,-2.7061597000874293,"{0: 13, 1: 0, 2: 1, 3: 1, 4: 0}",1
438,False,"{'a': 0.1, 'e': 0.01237599254632405}",20,0,34.80319741658519,"{0: 20, 1: 0, 2: 0, 3: 0, 4: 0}",0
439,False,"{'a': 0.1, 'e': 0.012252232620860809}",20,8,27.109839192563854,"{0: 12, 1: 0, 2: 0, 3: 0, 4: 0}",1
440,False,"{'a': 0.1, 'e': 0.012129710294652202}",25,17,18.610345976936298,"{0: 8, 1: 0, 2: 0, 3: 0, 4: 0}",1
441,False,"{'a': 0.1, 'e': 0.01200841319170568}",20,14,14.31631134551336,"{0: 6, 1: 0, 2: 0, 3: 0, 4: 0}",1
442,False,"{'a': 0.1, 'e': 0.011888329059788622}",25,13,24.263454454809867,"{0: 12, 1: 0, 2: 0, 3: 0, 4: 0}",1
443,False,"{'a': 0.1, 'e': 0.011769445769190737}",35,13,38.2133116280915,"{0: 22, 1: 0, 2: 0, 3: 0, 4: 0}",1
444,False,"{'a': 0.1, 'e': 0.011651751311498829}",25,16,18.512738474707003,"{0: 9, 1: 0, 2: 0, 3: 0, 4: 0}",1
445,False,"{'a': 0.1, 'e': 0.01153523379838384}",20,12,17.432618734985688,"{0: 8, 1: 0, 2: 0, 3: 0, 4: 0}",1
446,False,"{'a': 0.1, 'e': 0.011419881460400001}",25,14,20.658819096764514,"{0: 11, 1: 0, 2: 0, 3: 0, 4: 0}",1
447,False,"{'a': 0.1, 'e': 0.011305682645796001}",30,15,20.236565028714786,"{0: 14, 1: 1, 2: 0, 3: 0, 4: 0}",1
448,False,"{'a': 0.1, 'e': 0.011192625819338041}",20,0,30.04049383267066,"{0: 20, 1: 0, 2: 0, 3: 0, 4: 0}",0
449,False,"{'a': 0.1, 'e': 0.011080699561144661}",35,19,30.538077283778946,"{0: 16, 1: 0, 2: 0, 3: 0, 4: 0}",1
450,False,"{'a': 0.1, 'e': 0.010969892565533214}",20,10,14.591588428538724,"{0: 10, 1: 0, 2: 0, 3: 0, 4: 0}",1
451,False,"{'a': 0.1, 'e': 0.010860193639877882}",25,18,15.849980944113357,"{0: 7, 1: 0, 2: 0, 3: 0, 4: 0}",1
452,False,"{'a': 0.1, 'e': 0.010751591703479103}",20,13,13.982779153821184,"{0: 7, 1: 0, 2: 0, 3: 0, 4: 0}",1
453,False,"{'a': 0.1, 'e': 0.010644075786444312}",25,14,22.137246022696836,"{0: 11, 1: 0, 2: 0, 3: 0, 4: 0}",1
454,False,"{'a': 0.1, 'e': 0.01053763502857987}",25,11,27.067352564362803,"{0: 14, 1: 0, 2: 0, 3: 0, 4: 0}",1
455,False,"{'a': 0.1, 'e': 0.01043225867829407}",20,16,7.763303600390431,"{0: 4, 1: 0, 2: 0, 3: 0, 4: 0}",1
456,False,"{'a': 0.1, 'e': 0.01032793609151113}",20,10,20.040575240435007,"{0: 10, 1: 0, 2: 0, 3: 0, 4: 0}",1
457,False,"{'a': 0.1, 'e': 0.010224656730596018}",20,5,25.369811265108957,"{0: 15, 1: 0, 2: 0, 3: 0, 4: 0}",1
458,False,"{'a': 0.1, 'e': 0.010122410163290057}",25,11,22.6425151200964,"{0: 14, 1: 0, 2: 0, 3: 0, 4: 0}",1
459,False,"{'a': 0.1, 'e': 0.010021186061657156}",20,12,16.416409092474012,"{0: 8, 1: 0, 2: 0, 3: 0, 4: 0}",1
460,False,"{'a': 0.1, 'e': 0.009920974201040586}",25,14,21.289101657375827,"{0: 11, 1: 0, 2: 0, 3: 0, 4: 0}",1
461,False,"{'a': 0.1, 'e': 0.009821764459030179}",25,14,19.635584009855798,"{0: 11, 1: 0, 2: 0, 3: 0, 4: 0}",1
462,False,"{'a': 0.1, 'e': 0.009723546814439878}",20,11,5.801024043557936,"{0: 8, 1: 0, 2: 1, 3: 0, 4: 0}",1
463,False,"{'a': 0.1, 'e': 0.009626311346295479}",20,0,29.423878490917247,"{0: 20, 1: 0, 2: 0, 3: 0, 4: 0}",0
464,False,"{'a': 0.1, 'e': 0.009530048232832523}",25,9,27.82814265756322,"{0: 16, 1: 0, 2: 0, 3: 0, 4: 0}",1
465,False,"{'a': 0.1, 'e': 0.009434747750504199}",30,13,30.28023370470124,"{0: 17, 1: 0, 2: 0, 3: 0, 4: 0}",1
466,False,"{'a': 0.1, 'e': 0.009340400272999157}",20,15,8.903882770092935,"{0: 5, 1: 0, 2: 0, 3: 0, 4: 0}",1
467,False,"{'a': 0.1, 'e': 0.009246996270269165}",25,11,27.69711679121612,"{0: 14, 1: 0, 2: 0, 3: 0, 4: 0}",1
468,False,"{'a': 0.1, 'e': 0.009154526307566474}",25,13,22.120802957712034,"{0: 12, 1: 0, 2: 0, 3: 0, 4: 0}",1
469,False,"{'a': 0.1, 'e': 0.009062981044490808}",35,16,30.53826980308973,"{0: 19, 1: 0, 2: 0, 3: 0, 4: 0}",1
470,False,"{'a': 0.1, 'e': 0.0089723512340459}",25,19,12.06706033701266,"{0: 6, 1: 0, 2: 0, 3: 0, 4: 0}",1
471,False,"{'a': 0.1, 'e': 0.00888262772170544}",25,16,17.07913611524032,"{0: 9, 1: 0, 2: 0, 3: 0, 4: 0}",1
472,False,"{'a': 0.1, 'e': 0.008793801444488386}",20,14,8.150437064700089,"{0: 6, 1: 0, 2: 0, 3: 0, 4: 0}",1
473,False,"{'a': 0.1, 'e': 0.008705863430043502}",25,5,35.05448434525939,"{0: 20, 1: 0, 2: 0, 3: 0, 4: 0}",1
474,False,"{'a': 0.1, 'e': 0.008618804795743068}",20,15,7.448438514861532,"{0: 5, 1: 0, 2: 0, 3: 0, 4: 0}",1
475,False,"{'a': 0.1, 'e': 0.008532616747785637}",30,24,10.855176197709454,"{0: 6, 1: 0, 2: 0, 3: 0, 4: 0}",1
476,False,"{'a': 0.1, 'e': 0.00844729058030778}",25,15,18.836932424216602,"{0: 10, 1: 0, 2: 0, 3: 0, 4: 0}",1
477,False,"{'a': 0.1, 'e': 0.008362817674504702}",25,17,15.471231555408416,"{0: 8, 1: 0, 2: 0, 3: 0, 4: 0}",1
478,False,"{'a': 0.1, 'e': 0.008279189497759656}",25,17,15.463869652917058,"{0: 8, 1: 0, 2: 0, 3: 0, 4: 0}",1
479,False,"{'a': 0.1, 'e': 0.008196397602782058}",25,12,20.47096975070456,"{0: 13, 1: 0, 2: 0, 3: 0, 4: 0}",1
480,False,"{'a': 0.1, 'e': 0.008114433626754238}",25,19,13.26160744385785,"{0: 6, 1: 0, 2: 0, 3: 0, 4: 0}",1
481,False,"{'a': 0.1, 'e': 0.008033289290486696}",20,10,21.289559768437044,"{0: 10, 1: 0, 2: 0, 3: 0, 4: 0}",1
482,False,"{'a': 0.1, 'e': 0.00795295639758183}",20,15,12.294314080190013,"{0: 5, 1: 0, 2: 0, 3: 0, 4: 0}",1
483,False,"{'a': 0.1, 'e': 0.00787342683360601}",25,9,22.375016482865583,"{0: 16, 1: 0, 2: 0, 3: 0, 4: 0}",1
484,False,"{'a': 0.1, 'e': 0.0077946925652699495}",30,19,19.927016158020653,"{0: 11, 1: 0, 2: 0, 3: 0, 4: 0}",1
485,False,"{'a': 0.1, 'e': 0.00771674563961725}",20,15,10.569402439570766,"{0: 5, 1: 0, 2: 0, 3: 0, 4: 0}",1
486,False,"{'a': 0.1, 'e': 0.007639578183221077}",30,17,26.715772158905548,"{0: 13, 1: 0, 2: 0, 3: 0, 4: 0}",1
487,False,"{'a': 0.1, 'e': 0.0075631824013888665}",20,12,13.447224305518267,"{0: 8, 1: 0, 2: 0, 3: 0, 4: 0}",1
488,False,"{'a': 0.1, 'e': 0.0074875505773749785}",25,15,19.698686545744522,"{0: 10, 1: 0, 2: 0, 3: 0, 4: 0}",1
489,False,"{'a': 0.1, 'e': 0.007412675071601228}",30,15,26.979472963973176,"{0: 15, 1: 0, 2: 0, 3: 0, 4: 0}",1
490,False,"{'a': 0.1, 'e': 0.007338548320885216}",20,12,16.477362553877924,"{0: 8, 1: 0, 2: 0, 3: 0, 4: 0}",1
491,False,"{'a': 0.1, 'e': 0.0072651628376763635}",20,16,8.41971080616806,"{0: 4, 1: 0, 2: 0, 3: 0, 4: 0}",1
492,False,"{'a': 0.1, 'e': 0.0071925112092996}",30,13,28.09135608490208,"{0: 16, 1: 1, 2: 0, 3: 0, 4: 0}",1
493,False,"{'a': 0.1, 'e': 0.007120586097206604}",30,14,30.67697628309416,"{0: 16, 1: 0, 2: 0, 3: 0, 4: 0}",1
494,False,"{'a': 0.1, 'e': 0.007049380236234538}",20,10,16.48155511490079,"{0: 10, 1: 0, 2: 0, 3: 0, 4: 0}",1
495,False,"{'a': 0.1, 'e': 0.006978886433872193}",20,15,9.609493296844427,"{0: 5, 1: 0, 2: 0, 3: 0, 4: 0}",1
496,False,"{'a': 0.1, 'e': 0.00690909756953347}",25,14,22.646489557530412,"{0: 11, 1: 0, 2: 0, 3: 0, 4: 0}",1
497,False,"{'a': 0.1, 'e': 0.006840006593838136}",25,13,23.287900641085663,"{0: 12, 1: 0, 2: 0, 3: 0, 4: 0}",1
498,False,"{'a': 0.1, 'e': 0.006771606527899755}",25,13,20.57805889461748,"{0: 12, 1: 0, 2: 0, 3: 0, 4: 0}",1
499,False,"{'a': 0.1, 'e': 0.0067038904626207565}",20,15,7.23707660288951,"{0: 5, 1: 0, 2: 0, 3: 0, 4: 0}",1
500,False,"{'a': 0.1, 'e': 0.006636851557994549}",30,20,19.410017236777193,"{0: 10, 1: 0, 2: 0, 3: 0, 4: 0}",1
501,False,"{'a': 0.1, 'e': 0.006570483042414603}",20,11,17.804398970248517,"{0: 9, 1: 0, 2: 0, 3: 0, 4: 0}",1
502,False,"{'a': 0.1, 'e': 0.006504778211990457}",25,13,23.653205057207575,"{0: 12, 1: 0, 2: 0, 3: 0, 4: 0}",1
503,False,"{'a': 0.1, 'e': 0.006439730429870553}",20,8,22.2308171578215,"{0: 12, 1: 0, 2: 0, 3: 0, 4: 0}",1
504,False,"{'a': 0.1, 'e': 0.006375333125571847}",25,14,22.45788718242304,"{0: 11, 1: 0, 2: 0, 3: 0, 4: 0}",1
505,False,"{'a': 0.1, 'e': 0.006311579794316129}",35,17,30.465902211934456,"{0: 18, 1: 0, 2: 0, 3: 0, 4: 0}",1
506,False,"{'a': 0.1, 'e': 0.006248463996372968}",20,13,14.628663648050333,"{0: 7, 1: 0, 2: 0, 3: 0, 4: 0}",1
507,False,"{'a': 0.1, 'e': 0.0061859793564092375}",25,11,25.893707941632485,"{0: 14, 1: 0, 2: 0, 3: 0, 4: 0}",1
508,False,"{'a': 0.1, 'e': 0.006124119562845145}",20,12,13.201133941507113,"{0: 8, 1: 0, 2: 0, 3: 0, 4: 0}",1
509,False,"{'a': 0.1, 'e': 0.0060628783672166935}",25,14,19.787372016122383,"{0: 11, 1: 0, 2: 0, 3: 0, 4: 0}",1
510,False,"{'a': 0.1, 'e': 0.006002249583544526}",20,16,9.362082152720703,"{0: 4, 1: 0, 2: 0, 3: 0, 4: 0}",1
511,False,"{'a': 0.1, 'e': 0.005942227087709081}",20,0,3.6136226624521655,"{0: 19, 1: 0, 2: 0, 3: 1, 4: 0}",1
512,False,"{'a': 0.1, 'e': 0.00588280481683199}",25,16,14.305577711245707,"{0: 9, 1: 0, 2: 0, 3: 0, 4: 0}",1
513,False,"{'a': 0.1, 'e': 0.005823976768663671}",25,10,29.734007130837973,"{0: 15, 1: 0, 2: 0, 3: 0, 4: 0}",1
514,False,"{'a': 0.1, 'e': 0.0057657370009770335}",35,9,39.06513006095652,"{0: 26, 1: 0, 2: 0, 3: 0, 4: 0}",1
515,False,"{'a': 0.1, 'e': 0.005708079630967263}",30,14,28.871389110430083,"{0: 16, 1: 0, 2: 0, 3: 0, 4: 0}",1
516,False,"{'a': 0.1, 'e': 0.00565099883465759}",25,13,21.11333962559826,"{0: 12, 1: 0, 2: 0, 3: 0, 4: 0}",1
517,False,"{'a': 0.1, 'e': 0.005594488846311015}",20,13,13.268566225426493,"{0: 7, 1: 0, 2: 0, 3: 0, 4: 0}",1
518,False,"{'a': 0.1, 'e': 0.005538543957847904}",20,12,2.0706326090734515,"{0: 7, 1: 0, 2: 1, 3: 0, 4: 0}",1
519,False,"{'a': 0.1, 'e': 0.005483158518269426}",25,14,22.539647491090733,"{0: 11, 1: 0, 2: 0, 3: 0, 4: 0}",1
520,False,"{'a': 0.1, 'e': 0.005428326933086731}",20,7,25.749499907406992,"{0: 13, 1: 0, 2: 0, 3: 0, 4: 0}",1
521,False,"{'a': 0.1, 'e': 0.005374043663755864}",20,12,17.075107001113825,"{0: 8, 1: 0, 2: 0, 3: 0, 4: 0}",1
522,False,"{'a': 0.1, 'e': 0.005320303227118305}",20,4,24.706194342428123,"{0: 16, 1: 0, 2: 0, 3: 0, 4: 0}",1
523,False,"{'a': 0.1, 'e': 0.005267100194847122}",25,17,15.781224728544718,"{0: 8, 1: 0, 2: 0, 3: 0, 4: 0}",1
524,False,"{'a': 0.1, 'e': 0.005214429192898651}",25,6,36.283650253712146,"{0: 19, 1: 0, 2: 0, 3: 0, 4: 0}",1
525,False,"{'a': 0.1, 'e': 0.005162284900969664}",25,20,10.01286807989624,"{0: 5, 1: 0, 2: 0, 3: 0, 4: 0}",1
526,False,"{'a': 0.1, 'e': 0.005110662051959968}",30,6,41.32027531528854,"{0: 24, 1: 0, 2: 0, 3: 0, 4: 0}",1
527,False,"{'a': 0.1, 'e': 0.005059555431440368}",30,19,19.750534408889404,"{0: 11, 1: 0, 2: 0, 3: 0, 4: 0}",1
528,False,"{'a': 0.1, 'e': 0.005008959877125964}",20,9,21.11369862687138,"{0: 11, 1: 0, 2: 0, 3: 0, 4: 0}",1
529,False,"{'a': 0.1, 'e': 0.0049588702783547045}",20,16,7.48137388012359,"{0: 4, 1: 0, 2: 0, 3: 0, 4: 0}",1
530,False,"{'a': 0.1, 'e': 0.004909281575571157}",20,8,22.985778020015754,"{0: 12, 1: 0, 2: 0, 3: 0, 4: 0}",1
531,False,"{'a': 0.1, 'e': 0.0048601887598154455}",25,11,26.143712252066972,"{0: 14, 1: 0, 2: 0, 3: 0, 4: 0}",1
532,False,"{'a': 0.1, 'e': 0.004811586872217291}",20,16,8.33478196981919,"{0: 4, 1: 0, 2: 0, 3: 0, 4: 0}",1
533,False,"{'a': 0.1, 'e': 0.004763471003495118}",25,19,13.401452662876729,"{0: 6, 1: 0, 2: 0, 3: 0, 4: 0}",1
534,False,"{'a': 0.1, 'e': 0.004715836293460167}",30,21,16.197919129530167,"{0: 9, 1: 0, 2: 0, 3: 0, 4: 0}",1
535,False,"{'a': 0.1, 'e': 0.004668677930525565}",30,3,43.9206224366667,"{0: 27, 1: 0, 2: 0, 3: 0, 4: 0}",1
536,False,"{'a': 0.1, 'e': 0.0046219911512203095}",20,14,9.78700616415062,"{0: 6, 1: 0, 2: 0, 3: 0, 4: 0}",1
537,False,"{'a': 0.1, 'e': 0.004575771239708106}",20,10,17.387350969082934,"{0: 10, 1: 0, 2: 0, 3: 0, 4: 0}",1
538,False,"{'a': 0.1, 'e': 0.004530013527311025}",25,13,19.9722128013411,"{0: 12, 1: 0, 2: 0, 3: 0, 4: 0}",1
539,False,"{'a': 0.1, 'e': 0.004484713392037915}",25,8,32.083896674221116,"{0: 17, 1: 0, 2: 0, 3: 0, 4: 0}",1
540,False,"{'a': 0.1, 'e': 0.004439866258117536}",20,8,22.997528478417077,"{0: 12, 1: 0, 2: 0, 3: 0, 4: 0}",1
541,False,"{'a': 0.1, 'e': 0.004395467595536361}",25,18,12.244705927868683,"{0: 7, 1: 0, 2: 0, 3: 0, 4: 0}",1
542,False,"{'a': 0.1, 'e': 0.0043515129195809965}",30,18,17.689633502628272,"{0: 12, 1: 0, 2: 0, 3: 0, 4: 0}",1
543,False,"{'a': 0.1, 'e': 0.004307997790385187}",30,7,38.148753514060004,"{0: 23, 1: 0, 2: 0, 3: 0, 4: 0}",1
544,False,"{'a': 0.1, 'e': 0.004264917812481335}",25,19,9.504828522419752,"{0: 6, 1: 0, 2: 0, 3: 0, 4: 0}",1
545,False,"{'a': 0.1, 'e': 0.004222268634356522}",20,0,32.953049998317375,"{0: 20, 1: 0, 2: 0, 3: 0, 4: 0}",0
546,False,"{'a': 0.1, 'e': 0.004180045948012957}",20,9,18.888437820393648,"{0: 11, 1: 0, 2: 0, 3: 0, 4: 0}",1
547,False,"{'a': 0.1, 'e': 0.004138245488532827}",30,18,24.414660150517,"{0: 12, 1: 0, 2: 0, 3: 0, 4: 0}",1
548,False,"{'a': 0.1, 'e': 0.004096863033647498}",20,14,11.68673084062419,"{0: 6, 1: 0, 2: 0, 3: 0, 4: 0}",1
549,False,"{'a': 0.1, 'e': 0.0040558944033110235}",20,9,22.251566180813075,"{0: 11, 1: 0, 2: 0, 3: 0, 4: 0}",1
550,False,"{'a': 0.1, 'e': 0.004015335459277913}",25,20,6.8457504531942375,"{0: 5, 1: 0, 2: 0, 3: 0, 4: 0}",1
551,False,"{'a': 0.1, 'e': 0.003975182104685134}",20,16,7.897889875414409,"{0: 4, 1: 0, 2: 0, 3: 0, 4: 0}",1
552,False,"{'a': 0.1, 'e': 0.003935430283638282}",20,15,7.648391679728493,"{0: 5, 1: 0, 2: 0, 3: 0, 4: 0}",1
553,False,"{'a': 0.1, 'e': 0.0038960759808018995}",25,17,13.778819848211699,"{0: 8, 1: 0, 2: 0, 3: 0, 4: 0}",1
554,False,"{'a': 0.1, 'e': 0.0038571152209938807}",25,14,21.265080769291487,"{0: 11, 1: 0, 2: 0, 3: 0, 4: 0}",1
555,False,"{'a': 0.1, 'e': 0.0038185440687839418}",25,11,23.254944857479774,"{0: 14, 1: 0, 2: 0, 3: 0, 4: 0}",1
556,False,"{'a': 0.1, 'e': 0.003780358628096102}",25,11,-17.98539840463851,"{0: 13, 1: 0, 2: 0, 3: 0, 4: 1}",1
557,False,"{'a': 0.1, 'e': 0.0037425550418151415}",25,8,28.957417853404547,"{0: 17, 1: 0, 2: 0, 3: 0, 4: 0}",1
558,False,"{'a': 0.1, 'e': 0.0037051294913969897}",35,15,35.214660003258054,"{0: 20, 1: 0, 2: 0, 3: 0, 4: 0}",1
559,False,"{'a': 0.1, 'e': 0.00366807819648302}",20,8,22.10165775370478,"{0: 12, 1: 0, 2: 0, 3: 0, 4: 0}",1
560,False,"{'a': 0.1, 'e': 0.0036313974145181895}",20,14,10.490734306125175,"{0: 6, 1: 0, 2: 0, 3: 0, 4: 0}",1
561,False,"{'a': 0.1, 'e': 0.003595083440373008}",25,17,13.756067094505019,"{0: 8, 1: 0, 2: 0, 3: 0, 4: 0}",1
562,False,"{'a': 0.1, 'e': 0.003559132605969278}",30,12,31.990125603821895,"{0: 18, 1: 0, 2: 0, 3: 0, 4: 0}",1
563,False,"{'a': 0.1, 'e': 0.003523541279909585}",20,8,18.737838523037297,"{0: 12, 1: 0, 2: 0, 3: 0, 4: 0}",1
564,False,"{'a': 0.1, 'e': 0.003488305867110489}",25,15,19.881442945872973,"{0: 10, 1: 0, 2: 0, 3: 0, 4: 0}",1
565,False,"{'a': 0.1, 'e': 0.003453422808439384}",25,11,24.42237843447775,"{0: 14, 1: 0, 2: 0, 3: 0, 4: 0}",1
566,False,"{'a': 0.1, 'e': 0.0034188885803549903}",30,16,26.816768390814342,"{0: 14, 1: 0, 2: 0, 3: 0, 4: 0}",1
567,False,"{'a': 0.1, 'e': 0.0033846996945514404}",25,9,28.800746444292702,"{0: 16, 1: 0, 2: 0, 3: 0, 4: 0}",1
568,False,"{'a': 0.1, 'e': 0.003350852697605926}",20,14,11.468812484481944,"{0: 6, 1: 0, 2: 0, 3: 0, 4: 0}",1
569,False,"{'a': 0.1, 'e': 0.0033173441706298664}",20,12,15.688748188655685,"{0: 8, 1: 0, 2: 0, 3: 0, 4: 0}",1
570,False,"{'a': 0.1, 'e': 0.0032841707289235677}",30,0,51.73262315779511,"{0: 30, 1: 0, 2: 0, 3: 0, 4: 0}",0
571,False,"{'a': 0.1, 'e': 0.003251329021634332}",25,4,32.866199588614826,"{0: 21, 1: 0, 2: 0, 3: 0, 4: 0}",1
572,False,"{'a': 0.1, 'e': 0.0032188157314179885}",20,14,10.887803578261309,"{0: 6, 1: 0, 2: 0, 3: 0, 4: 0}",1
573,False,"{'a': 0.1, 'e': 0.003186627574103809}",30,13,29.333859379503583,"{0: 17, 1: 0, 2: 0, 3: 0, 4: 0}",1
574,False,"{'a': 0.1, 'e': 0.0031547612983627705}",20,6,24.22697021103994,"{0: 14, 1: 0, 2: 0, 3: 0, 4: 0}",1
575,False,"{'a': 0.1, 'e': 0.003123213685379143}",20,16,9.527284134783141,"{0: 4, 1: 0, 2: 0, 3: 0, 4: 0}",1
576,False,"{'a': 0.1, 'e': 0.0030919815485253516}",25,10,29.877206839301593,"{0: 15, 1: 0, 2: 0, 3: 0, 4: 0}",1
577,False,"{'a': 0.1, 'e': 0.003061061733040098}",20,6,26.60661146047669,"{0: 14, 1: 0, 2: 0, 3: 0, 4: 0}",1
578,False,"{'a': 0.1, 'e': 0.003030451115709697}",20,8,20.286198826425146,"{0: 12, 1: 0, 2: 0, 3: 0, 4: 0}",1
579,False,"{'a': 0.1, 'e': 0.0030001466045526}",20,8,22.167181460213552,"{0: 12, 1: 0, 2: 0, 3: 0, 4: 0}",1
580,False,"{'a': 0.1, 'e': 0.002970145138507074}",30,20,19.163528384116635,"{0: 10, 1: 0, 2: 0, 3: 0, 4: 0}",1
581,False,"{'a': 0.1, 'e': 0.002940443687122003}",20,12,15.653171358957268,"{0: 8, 1: 0, 2: 0, 3: 0, 4: 0}",1
582,False,"{'a': 0.1, 'e': 0.002911039250250783}",20,6,25.264033584896048,"{0: 14, 1: 0, 2: 0, 3: 0, 4: 0}",1
583,False,"{'a': 0.1, 'e': 0.0028819288577482754}",25,3,35.15566509409173,"{0: 22, 1: 0, 2: 0, 3: 0, 4: 0}",1
584,False,"{'a': 0.1, 'e': 0.0028531095691707925}",25,17,16.398119140676915,"{0: 8, 1: 0, 2: 0, 3: 0, 4: 0}",1
585,False,"{'a': 0.1, 'e': 0.0028245784734790844}",25,17,17.185673174360534,"{0: 8, 1: 0, 2: 0, 3: 0, 4: 0}",1
586,False,"{'a': 0.1, 'e': 0.0027963326887442937}",25,17,14.922384534659933,"{0: 8, 1: 0, 2: 0, 3: 0, 4: 0}",1
587,False,"{'a': 0.1, 'e': 0.0027683693618568506}",20,7,24.620235665225426,"{0: 13, 1: 0, 2: 0, 3: 0, 4: 0}",1
588,False,"{'a': 0.1, 'e': 0.002740685668238282}",25,6,30.900714689860756,"{0: 19, 1: 0, 2: 0, 3: 0, 4: 0}",1
589,False,"{'a': 0.1, 'e': 0.0027132788115558993}",20,12,12.868415588841192,"{0: 8, 1: 0, 2: 0, 3: 0, 4: 0}",1
590,False,"{'a': 0.1, 'e': 0.0026861460234403403}",20,12,15.475477394675574,"{0: 8, 1: 0, 2: 0, 3: 0, 4: 0}",1
591,False,"{'a': 0.1, 'e': 0.002659284563205937}",25,14,20.23743913496584,"{0: 11, 1: 0, 2: 0, 3: 0, 4: 0}",1
592,False,"{'a': 0.1, 'e': 0.0026326917175738774}",20,11,10.67081493296251,"{0: 9, 1: 0, 2: 0, 3: 0, 4: 0}",1
593,False,"{'a': 0.1, 'e': 0.0026063648003981387}",25,17,15.513808507330888,"{0: 8, 1: 0, 2: 0, 3: 0, 4: 0}",1
594,False,"{'a': 0.1, 'e': 0.0025803011523941573}",20,11,19.87546324335173,"{0: 9, 1: 0, 2: 0, 3: 0, 4: 0}",1
595,False,"{'a': 0.1, 'e': 0.0025544981408702158}",20,12,14.198640874676588,"{0: 8, 1: 0, 2: 0, 3: 0, 4: 0}",1
596,False,"{'a': 0.1, 'e': 0.0025289531594615135}",25,0,32.54119582365128,"{0: 25, 1: 0, 2: 0, 3: 0, 4: 0}",0
597,False,"{'a': 0.1, 'e': 0.0025036636278668984}",20,6,23.076360371908272,"{0: 14, 1: 0, 2: 0, 3: 0, 4: 0}",1
598,False,"{'a': 0.1, 'e': 0.0024786269915882293}",20,8,24.26356302698462,"{0: 12, 1: 0, 2: 0, 3: 0, 4: 0}",1
599,False,"{'a': 0.1, 'e': 0.002453840721672347}",30,13,32.010033070175425,"{0: 17, 1: 0, 2: 0, 3: 0, 4: 0}",1
600,False,"{'a': 0.1, 'e': 0.0024293023144556234}",20,14,12.009006798168125,"{0: 6, 1: 0, 2: 0, 3: 0, 4: 0}",1
601,False,"{'a': 0.1, 'e': 0.0024050092913110673}",30,16,24.98596202142552,"{0: 14, 1: 0, 2: 0, 3: 0, 4: 0}",1
602,False,"{'a': 0.1, 'e': 0.0023809591983979567}",25,19,11.214295964836374,"{0: 6, 1: 0, 2: 0, 3: 0, 4: 0}",1
603,False,"{'a': 0.1, 'e': 0.002357149606413977}",30,19,20.12749847065655,"{0: 11, 1: 0, 2: 0, 3: 0, 4: 0}",1
604,False,"{'a': 0.1, 'e': 0.002333578110349837}",35,25,20.017438050837118,"{0: 10, 1: 0, 2: 0, 3: 0, 4: 0}",1
605,False,"{'a': 0.1, 'e': 0.0023102423292463386}",25,11,29.08873119524525,"{0: 14, 1: 0, 2: 0, 3: 0, 4: 0}",1
606,False,"{'a': 0.1, 'e': 0.0022871399059538754}",20,14,11.248791192658112,"{0: 6, 1: 0, 2: 0, 3: 0, 4: 0}",1
607,False,"{'a': 0.1, 'e': 0.0022642685068943367}",25,17,15.810166426765969,"{0: 8, 1: 0, 2: 0, 3: 0, 4: 0}",1
608,False,"{'a': 0.1, 'e': 0.002241625821825393}",20,10,17.085465086773187,"{0: 10, 1: 0, 2: 0, 3: 0, 4: 0}",1
609,False,"{'a': 0.1, 'e': 0.0022192095636071395}",30,17,24.90868851392718,"{0: 13, 1: 0, 2: 0, 3: 0, 4: 0}",1
610,False,"{'a': 0.1, 'e': 0.002197017467971068}",25,12,28.347555427656907,"{0: 13, 1: 0, 2: 0, 3: 0, 4: 0}",1
611,False,"{'a': 0.1, 'e': 0.002175047293291357}",30,13,30.67912500866256,"{0: 17, 1: 0, 2: 0, 3: 0, 4: 0}",1
612,False,"{'a': 0.1, 'e': 0.002153296820358444}",20,8,23.600738527411316,"{0: 12, 1: 0, 2: 0, 3: 0, 4: 0}",1
613,False,"{'a': 0.1, 'e': 0.0021317638521548593}",30,23,13.127941097862536,"{0: 7, 1: 0, 2: 0, 3: 0, 4: 0}",1
614,False,"{'a': 0.1, 'e': 0.0021104462136333105}",20,6,21.673239749185992,"{0: 14, 1: 0, 2: 0, 3: 0, 4: 0}",1
615,False,"{'a': 0.1, 'e': 0.0020893417514969773}",25,16,18.375174052686774,"{0: 9, 1: 0, 2: 0, 3: 0, 4: 0}",1
616,False,"{'a': 0.1, 'e': 0.0020684483339820075}",20,2,33.054335733254796,"{0: 18, 1: 0, 2: 0, 3: 0, 4: 0}",1
617,False,"{'a': 0.1, 'e': 0.0020477638506421875}",25,17,15.768216123271479,"{0: 8, 1: 0, 2: 0, 3: 0, 4: 0}",1
618,False,"{'a': 0.1, 'e': 0.0020272862121357657}",25,11,21.435900205253,"{0: 14, 1: 0, 2: 0, 3: 0, 4: 0}",1
619,False,"{'a': 0.1, 'e': 0.002007013350014408}",25,16,18.061404831154576,"{0: 9, 1: 0, 2: 0, 3: 0, 4: 0}",1
620,False,"{'a': 0.1, 'e': 0.0019869432165142637}",30,24,10.347193762755193,"{0: 6, 1: 0, 2: 0, 3: 0, 4: 0}",1
621,False,"{'a': 0.1, 'e': 0.001967073784349121}",20,12,16.339545044366034,"{0: 8, 1: 0, 2: 0, 3: 0, 4: 0}",1
622,False,"{'a': 0.1, 'e': 0.00194740304650563}",20,3,28.953522779788386,"{0: 17, 1: 0, 2: 0, 3: 0, 4: 0}",1
623,False,"{'a': 0.1, 'e': 0.0019279290160405737}",20,14,11.41094888500804,"{0: 6, 1: 0, 2: 0, 3: 0, 4: 0}",1
624,False,"{'a': 0.1, 'e': 0.001908649725880168}",35,21,26.6404690209752,"{0: 14, 1: 0, 2: 0, 3: 0, 4: 0}",1
625,False,"{'a': 0.1, 'e': 0.0018895632286213661}",20,8,21.28893599294444,"{0: 12, 1: 0, 2: 0, 3: 0, 4: 0}",1
626,False,"{'a': 0.1, 'e': 0.0018706675963351526}",25,17,14.393097007719353,"{0: 8, 1: 0, 2: 0, 3: 0, 4: 0}",1
627,False,"{'a': 0.1, 'e': 0.001851960920371801}",20,12,2.5860226530252888,"{0: 7, 1: 0, 2: 1, 3: 0, 4: 0}",1
628,False,"{'a': 0.1, 'e': 0.001833441311168083}",25,13,24.955276872366454,"{0: 12, 1: 0, 2: 0, 3: 0, 4: 0}",1
629,False,"{'a': 0.1, 'e': 0.0018151068980564022}",30,15,24.692191098014334,"{0: 15, 1: 0, 2: 0, 3: 0, 4: 0}",1
630,False,"{'a': 0.1, 'e': 0.001796955829075838}",25,11,27.850836108127282,"{0: 14, 1: 0, 2: 0, 3: 0, 4: 0}",1
631,False,"{'a': 0.1, 'e': 0.0017789862707850797}",30,12,32.62861369514306,"{0: 18, 1: 0, 2: 0, 3: 0, 4: 0}",1
632,False,"{'a': 0.1, 'e': 0.001761196408077229}",25,18,15.526446829690354,"{0: 7, 1: 0, 2: 0, 3: 0, 4: 0}",1
633,False,"{'a': 0.1, 'e': 0.0017435844439964566}",20,9,20.509253118659085,"{0: 11, 1: 0, 2: 0, 3: 0, 4: 0}",1
634,False,"{'a': 0.1, 'e': 0.001726148599556492}",25,12,28.50079761645638,"{0: 13, 1: 0, 2: 0, 3: 0, 4: 0}",1
635,False,"{'a': 0.1, 'e': 0.001708887113560927}",20,10,18.242357665310426,"{0: 10, 1: 0, 2: 0, 3: 0, 4: 0}",1
636,False,"{'a': 0.1, 'e': 0.0016917982424253177}",20,8,25.0826042009803,"{0: 12, 1: 0, 2: 0, 3: 0, 4: 0}",1
637,False,"{'a': 0.1, 'e': 0.0016748802600010646}",20,11,16.18666033646503,"{0: 9, 1: 0, 2: 0, 3: 0, 4: 0}",1
638,False,"{'a': 0.1, 'e': 0.0016581314574010539}",30,8,39.47190157604124,"{0: 22, 1: 0, 2: 0, 3: 0, 4: 0}",1
639,False,"{'a': 0.1, 'e': 0.0016415501428270432}",30,14,27.665078402873682,"{0: 16, 1: 0, 2: 0, 3: 0, 4: 0}",1
640,False,"{'a': 0.1, 'e': 0.001625134641398773}",20,14,10.357416549809894,"{0: 6, 1: 0, 2: 0, 3: 0, 4: 0}",1
641,False,"{'a': 0.1, 'e': 0.001608883294984785}",30,13,27.18614895073436,"{0: 17, 1: 0, 2: 0, 3: 0, 4: 0}",1
642,False,"{'a': 0.1, 'e': 0.0015927944620349372}",20,6,24.384145464293187,"{0: 14, 1: 0, 2: 0, 3: 0, 4: 0}",1
643,False,"{'a': 0.1, 'e': 0.0015768665174145879}",25,13,23.09909602349659,"{0: 12, 1: 0, 2: 0, 3: 0, 4: 0}",1
644,False,"{'a': 0.1, 'e': 0.001561097852240442}",20,3,22.79390752698793,"{0: 17, 1: 0, 2: 0, 3: 0, 4: 0}",1
645,False,"{'a': 0.1, 'e': 0.0015454868737180376}",20,14,12.556327915000388,"{0: 6, 1: 0, 2: 0, 3: 0, 4: 0}",1
646,False,"{'a': 0.1, 'e': 0.001530032004980857}",25,14,22.819174149882645,"{0: 11, 1: 0, 2: 0, 3: 0, 4: 0}",1
647,False,"{'a': 0.1, 'e': 0.0015147316849310486}",20,7,23.71700691484466,"{0: 13, 1: 0, 2: 0, 3: 0, 4: 0}",1
648,False,"{'a': 0.1, 'e': 0.001499584368081738}",20,14,15.125679065959297,"{0: 6, 1: 0, 2: 0, 3: 0, 4: 0}",1
649,False,"{'a': 0.1, 'e': 0.0014845885244009207}",25,17,16.034060021477508,"{0: 8, 1: 0, 2: 0, 3: 0, 4: 0}",1
650,False,"{'a': 0.1, 'e': 0.0014697426391569114}",30,20,18.921358153524903,"{0: 10, 1: 0, 2: 0, 3: 0, 4: 0}",1
651,False,"{'a': 0.1, 'e': 0.0014550452127653423}",20,0,26.46502567081593,"{0: 20, 1: 0, 2: 0, 3: 0, 4: 0}",1
652,False,"{'a': 0.1, 'e': 0.001440494760637689}",20,12,12.883324861329026,"{0: 8, 1: 0, 2: 0, 3: 0, 4: 0}",1
653,False,"{'a': 0.1, 'e': 0.001426089813031312}",30,21,18.38500522477266,"{0: 9, 1: 0, 2: 0, 3: 0, 4: 0}",1
654,False,"{'a': 0.1, 'e': 0.0014118289149009989}",20,15,9.30990505056795,"{0: 5, 1: 0, 2: 0, 3: 0, 4: 0}",1
655,False,"{'a': 0.1, 'e': 0.001397710625751989}",20,11,15.26659339310205,"{0: 9, 1: 0, 2: 0, 3: 0, 4: 0}",1
656,False,"{'a': 0.1, 'e': 0.001383733519494469}",25,17,13.570921095847986,"{0: 8, 1: 0, 2: 0, 3: 0, 4: 0}",1
657,False,"{'a': 0.1, 'e': 0.0013698961842995242}",25,14,18.718051261316603,"{0: 11, 1: 0, 2: 0, 3: 0, 4: 0}",1
658,False,"{'a': 0.1, 'e': 0.001356197222456529}",20,16,7.48801344200842,"{0: 4, 1: 0, 2: 0, 3: 0, 4: 0}",1
659,False,"{'a': 0.1, 'e': 0.0013426352502319636}",25,17,16.735941769893355,"{0: 8, 1: 0, 2: 0, 3: 0, 4: 0}",1
660,False,"{'a': 0.1, 'e': 0.001329208897729644}",20,13,12.01435196402246,"{0: 7, 1: 0, 2: 0, 3: 0, 4: 0}",1
661,False,"{'a': 0.1, 'e': 0.0013159168087523475}",30,23,15.97597254696596,"{0: 7, 1: 0, 2: 0, 3: 0, 4: 0}",1
662,False,"{'a': 0.1, 'e': 0.0013027576406648242}",25,15,16.03506386996156,"{0: 10, 1: 0, 2: 0, 3: 0, 4: 0}",1
663,False,"{'a': 0.1, 'e': 0.0012897300642581758}",20,14,11.255302751404034,"{0: 6, 1: 0, 2: 0, 3: 0, 4: 0}",1
664,False,"{'a': 0.1, 'e': 0.001276832763615594}",25,18,13.043070560483727,"{0: 7, 1: 0, 2: 0, 3: 0, 4: 0}",1
665,False,"{'a': 0.1, 'e': 0.0012640644359794382}",25,5,26.791760500548083,"{0: 20, 1: 0, 2: 0, 3: 0, 4: 0}",1
666,False,"{'a': 0.1, 'e': 0.0012514237916196437}",20,12,16.88897080635852,"{0: 8, 1: 0, 2: 0, 3: 0, 4: 0}",1
667,False,"{'a': 0.1, 'e': 0.0012389095537034473}",25,17,14.40482798607265,"{0: 8, 1: 0, 2: 0, 3: 0, 4: 0}",1
668,False,"{'a': 0.1, 'e': 0.0012265204581664128}",20,5,30.328136833098057,"{0: 15, 1: 0, 2: 0, 3: 0, 4: 0}",1
669,False,"{'a': 0.1, 'e': 0.0012142552535847487}",25,19,11.65624079592858,"{0: 6, 1: 0, 2: 0, 3: 0, 4: 0}",1
670,False,"{'a': 0.1, 'e': 0.0012021127010489012}",30,8,35.693895660011954,"{0: 22, 1: 0, 2: 0, 3: 0, 4: 0}",1
671,False,"{'a': 0.1, 'e': 0.0011900915740384122}",30,22,16.863438305716713,"{0: 8, 1: 0, 2: 0, 3: 0, 4: 0}",1
672,False,"{'a': 0.1, 'e': 0.001178190658298028}",35,13,42.57213832868721,"{0: 22, 1: 0, 2: 0, 3: 0, 4: 0}",1
673,False,"{'a': 0.1, 'e': 0.0011664087517150477}",25,5,34.79355461645425,"{0: 20, 1: 0, 2: 0, 3: 0, 4: 0}",1
674,False,"{'a': 0.1, 'e': 0.0011547446641978973}",30,14,28.35829403175176,"{0: 16, 1: 0, 2: 0, 3: 0, 4: 0}",1
675,False,"{'a': 0.1, 'e': 0.0011431972175559183}",25,10,25.69337492206182,"{0: 15, 1: 0, 2: 0, 3: 0, 4: 0}",1
676,False,"{'a': 0.1, 'e': 0.0011317652453803591}",25,13,24.77791298117617,"{0: 12, 1: 0, 2: 0, 3: 0, 4: 0}",1
677,False,"{'a': 0.1, 'e': 0.0011204475929265554}",25,18,11.6315480543588,"{0: 7, 1: 0, 2: 0, 3: 0, 4: 0}",1
678,False,"{'a': 0.1, 'e': 0.0011092431169972899}",25,0,42.52355356240937,"{0: 25, 1: 0, 2: 0, 3: 0, 4: 0}",0
679,False,"{'a': 0.1, 'e': 0.001098150685827317}",20,0,33.26552150157001,"{0: 20, 1: 0, 2: 0, 3: 0, 4: 0}",0
680,False,"{'a': 0.1, 'e': 0.0010871691789690438}",25,15,18.26261614792587,"{0: 10, 1: 0, 2: 0, 3: 0, 4: 0}",1
681,False,"{'a': 0.1, 'e': 0.0010762974871793534}",20,12,13.207742559466597,"{0: 8, 1: 0, 2: 0, 3: 0, 4: 0}",1
682,False,"{'a': 0.1, 'e': 0.0010655345123075598}",25,13,23.34594591667405,"{0: 12, 1: 0, 2: 0, 3: 0, 4: 0}",1
683,False,"{'a': 0.1, 'e': 0.0010548791671844842}",35,18,31.216658639230335,"{0: 17, 1: 0, 2: 0, 3: 0, 4: 0}",1
684,False,"{'a': 0.1, 'e': 0.0010443303755126394}",25,13,23.52533098925312,"{0: 12, 1: 0, 2: 0, 3: 0, 4: 0}",1
685,False,"{'a': 0.1, 'e': 0.001033887071757513}",25,5,34.002648744643665,"{0: 20, 1: 0, 2: 0, 3: 0, 4: 0}",1
686,False,"{'a': 0.1, 'e': 0.0010235482010399377}",20,16,6.073972213172611,"{0: 4, 1: 0, 2: 0, 3: 0, 4: 0}",1
687,False,"{'a': 0.1, 'e': 0.0010133127190295385}",20,13,12.779995734630516,"{0: 7, 1: 0, 2: 0, 3: 0, 4: 0}",1
688,False,"{'a': 0.1, 'e': 0.001003179591839243}",20,12,14.988510046667189,"{0: 8, 1: 0, 2: 0, 3: 0, 4: 0}",1
689,False,"{'a': 0.1, 'e': 0.0009931477959208507}",20,11,18.816075152892818,"{0: 9, 1: 0, 2: 0, 3: 0, 4: 0}",1
1,True,"{'a': 0, 'e': 0}",25,8,29.993476186871355,"{0: 17, 1: 0, 2: 0, 3: 0, 4: 0}",1
2,True,"{'a': 0, 'e': 0}",20,14,11.763301594834465,"{0: 6, 1: 0, 2: 0, 3: 0, 4: 0}",1
3,True,"{'a': 0, 'e': 0}",25,18,14.51885107694465,"{0: 7, 1: 0, 2: 0, 3: 0, 4: 0}",1
4,True,"{'a': 0, 'e': 0}",20,12,16.708263882173227,"{0: 8, 1: 0, 2: 0, 3: 0, 4: 0}",1
5,True,"{'a': 0, 'e': 0}",20,3,28.104042775818154,"{0: 17, 1: 0, 2: 0, 3: 0, 4: 0}",1
6,True,"{'a': 0, 'e': 0}",30,12,28.458764264658996,"{0: 18, 1: 0, 2: 0, 3: 0, 4: 0}",1
7,True,"{'a': 0, 'e': 0}",30,16,26.716021650794193,"{0: 14, 1: 0, 2: 0, 3: 0, 4: 0}",1
8,True,"{'a': 0, 'e': 0}",20,9,19.336102044775323,"{0: 11, 1: 0, 2: 0, 3: 0, 4: 0}",1
9,True,"{'a': 0, 'e': 0}",25,15,16.602389479025057,"{0: 10, 1: 0, 2: 0, 3: 0, 4: 0}",1
10,True,"{'a': 0, 'e': 0}",20,14,11.790192499062803,"{0: 6, 1: 0, 2: 0, 3: 0, 4: 0}",1
11,True,"{'a': 0, 'e': 0}",30,12,30.63321561309742,"{0: 18, 1: 0, 2: 0, 3: 0, 4: 0}",1
12,True,"{'a': 0, 'e': 0}",30,20,14.36710416940519,"{0: 10, 1: 0, 2: 0, 3: 0, 4: 0}",1
13,True,"{'a': 0, 'e': 0}",30,22,13.897736123453608,"{0: 8, 1: 0, 2: 0, 3: 0, 4: 0}",1
14,True,"{'a': 0, 'e': 0}",20,0,28.55049476001053,"{0: 20, 1: 0, 2: 0, 3: 0, 4: 0}",0
15,True,"{'a': 0, 'e': 0}",25,16,19.783420898334583,"{0: 9, 1: 0, 2: 0, 3: 0, 4: 0}",1
16,True,"{'a': 0, 'e': 0}",20,6,23.470772066064423,"{0: 14, 1: 0, 2: 0, 3: 0, 4: 0}",1
17,True,"{'a': 0, 'e': 0}",25,8,32.19582671801536,"{0: 17, 1: 0, 2: 0, 3: 0, 4: 0}",1
18,True,"{'a': 0, 'e': 0}",30,16,24.77624982268411,"{0: 14, 1: 0, 2: 0, 3: 0, 4: 0}",1
19,True,"{'a': 0, 'e': 0}",30,20,20.559569313800687,"{0: 10, 1: 0, 2: 0, 3: 0, 4: 0}",1
20,True,"{'a': 0, 'e': 0}",20,10,14.659534026855452,"{0: 10, 1: 0, 2: 0, 3: 0, 4: 0}",1
21,True,"{'a': 0, 'e': 0}",25,13,20.325524125446005,"{0: 12, 1: 0, 2: 0, 3: 0, 4: 0}",1
22,True,"{'a': 0, 'e': 0}",25,14,21.60037094773038,"{0: 11, 1: 0, 2: 0, 3: 0, 4: 0}",1
23,True,"{'a': 0, 'e': 0}",20,15,10.533279635989707,"{0: 5, 1: 0, 2: 0, 3: 0, 4: 0}",1
24,True,"{'a': 0, 'e': 0}",25,4,34.80012300271183,"{0: 21, 1: 0, 2: 0, 3: 0, 4: 0}",1
25,True,"{'a': 0, 'e': 0}",20,10,17.594290563335708,"{0: 10, 1: 0, 2: 0, 3: 0, 4: 0}",1
26,True,"{'a': 0, 'e': 0}",20,14,11.049126629577268,"{0: 6, 1: 0, 2: 0, 3: 0, 4: 0}",1
27,True,"{'a': 0, 'e': 0}",20,10,19.708414093573992,"{0: 10, 1: 0, 2: 0, 3: 0, 4: 0}",1
28,True,"{'a': 0, 'e': 0}",20,14,11.120711690145878,"{0: 6, 1: 0, 2: 0, 3: 0, 4: 0}",1
29,True,"{'a': 0, 'e': 0}",20,15,12.23161677407027,"{0: 5, 1: 0, 2: 0, 3: 0, 4: 0}",1
30,True,"{'a': 0, 'e': 0}",30,18,21.96804685446641,"{0: 12, 1: 0, 2: 0, 3: 0, 4: 0}",1
31,True,"{'a': 0, 'e': 0}",20,13,13.012515339986043,"{0: 7, 1: 0, 2: 0, 3: 0, 4: 0}",1
32,True,"{'a': 0, 'e': 0}",20,10,18.526234133200838,"{0: 10, 1: 0, 2: 0, 3: 0, 4: 0}",1
33,True,"{'a': 0, 'e': 0}",20,11,14.791016130327911,"{0: 9, 1: 0, 2: 0, 3: 0, 4: 0}",1
34,True,"{'a': 0, 'e': 0}",20,12,16.80050785206777,"{0: 8, 1: 0, 2: 0, 3: 0, 4: 0}",1
35,True,"{'a': 0, 'e': 0}",25,17,15.12160658796834,"{0: 8, 1: 0, 2: 0, 3: 0, 4: 0}",1
36,True,"{'a': 0, 'e': 0}",30,24,14.255257854427214,"{0: 6, 1: 0, 2: 0, 3: 0, 4: 0}",1
37,True,"{'a': 0, 'e': 0}",25,11,23.12344216687138,"{0: 14, 1: 0, 2: 0, 3: 0, 4: 0}",1
38,True,"{'a': 0, 'e': 0}",20,6,21.312171548633728,"{0: 14, 1: 0, 2: 0, 3: 0, 4: 0}",1
39,True,"{'a': 0, 'e': 0}",20,11,16.79596917121135,"{0: 9, 1: 0, 2: 0, 3: 0, 4: 0}",1
40,True,"{'a': 0, 'e': 0}",20,3,24.463169995700838,"{0: 17, 1: 0, 2: 0, 3: 0, 4: 0}",1
41,True,"{'a': 0, 'e': 0}",25,7,29.119473142986436,"{0: 18, 1: 0, 2: 0, 3: 0, 4: 0}",1
42,True,"{'a': 0, 'e': 0}",25,3,33.61439873108749,"{0: 22, 1: 0, 2: 0, 3: 0, 4: 0}",1
43,True,"{'a': 0, 'e': 0}",25,6,32.52599276305726,"{0: 19, 1: 0, 2: 0, 3: 0, 4: 0}",1
44,True,"{'a': 0, 'e': 0}",20,11,16.46050213523955,"{0: 9, 1: 0, 2: 0, 3: 0, 4: 0}",1
45,True,"{'a': 0, 'e': 0}",30,16,24.594683983906364,"{0: 14, 1: 0, 2: 0, 3: 0, 4: 0}",1
46,True,"{'a': 0, 'e': 0}",25,14,22.297459032444113,"{0: 11, 1: 0, 2: 0, 3: 0, 4: 0}",1
47,True,"{'a': 0, 'e': 0}",20,5,28.132067979873405,"{0: 15, 1: 0, 2: 0, 3: 0, 4: 0}",1
48,True,"{'a': 0, 'e': 0}",30,22,14.679409898700921,"{0: 8, 1: 0, 2: 0, 3: 0, 4: 0}",1
49,True,"{'a': 0, 'e': 0}",30,7,38.65974104839141,"{0: 23, 1: 0, 2: 0, 3: 0, 4: 0}",1
50,True,"{'a': 0, 'e': 0}",25,0,37.09807667652909,"{0: 25, 1: 0, 2: 0, 3: 0, 4: 0}",0
51,True,"{'a': 0, 'e': 0}",25,6,37.50608055446963,"{0: 19, 1: 0, 2: 0, 3: 0, 4: 0}",1
52,True,"{'a': 0, 'e': 0}",20,12,13.256207143911558,"{0: 8, 1: 0, 2: 0, 3: 0, 4: 0}",1
53,True,"{'a': 0, 'e': 0}",25,0,40.49465967898995,"{0: 25, 1: 0, 2: 0, 3: 0, 4: 0}",0
54,True,"{'a': 0, 'e': 0}",25,0,40.435843548576415,"{0: 25, 1: 0, 2: 0, 3: 0, 4: 0}",0
55,True,"{'a': 0, 'e': 0}",20,10,17.081768744304497,"{0: 10, 1: 0, 2: 0, 3: 0, 4: 0}",1
56,True,"{'a': 0, 'e': 0}",20,12,15.143493324779286,"{0: 8, 1: 0, 2: 0, 3: 0, 4: 0}",1
57,True,"{'a': 0, 'e': 0}",25,16,18.96244195275214,"{0: 9, 1: 0, 2: 0, 3: 0, 4: 0}",1
58,True,"{'a': 0, 'e': 0}",20,8,23.489428553153495,"{0: 12, 1: 0, 2: 0, 3: 0, 4: 0}",1
59,True,"{'a': 0, 'e': 0}",30,15,26.632889335281984,"{0: 15, 1: 0, 2: 0, 3: 0, 4: 0}",1
60,True,"{'a': 0, 'e': 0}",30,22,14.99665381402368,"{0: 8, 1: 0, 2: 0, 3: 0, 4: 0}",1
61,True,"{'a': 0, 'e': 0}",30,16,23.006874647385942,"{0: 14, 1: 0, 2: 0, 3: 0, 4: 0}",1
62,True,"{'a': 0, 'e': 0}",20,8,21.202327350609597,"{0: 12, 1: 0, 2: 0, 3: 0, 4: 0}",1
63,True,"{'a': 0, 'e': 0}",30,10,31.23841278081214,"{0: 20, 1: 0, 2: 0, 3: 0, 4: 0}",1
64,True,"{'a': 0, 'e': 0}",25,0,38.73803565596532,"{0: 25, 1: 0, 2: 0, 3: 0, 4: 0}",0
65,True,"{'a': 0, 'e': 0}",25,19,11.236633895283681,"{0: 6, 1: 0, 2: 0, 3: 0, 4: 0}",1
66,True,"{'a': 0, 'e': 0}",30,7,38.985592481181705,"{0: 23, 1: 0, 2: 0, 3: 0, 4: 0}",1
67,True,"{'a': 0, 'e': 0}",25,3,37.55635072116382,"{0: 22, 1: 0, 2: 0, 3: 0, 4: 0}",1
68,True,"{'a': 0, 'e': 0}",20,16,6.197112208243848,"{0: 4, 1: 0, 2: 0, 3: 0, 4: 0}",1
69,True,"{'a': 0, 'e': 0}",25,8,31.934408076937125,"{0: 17, 1: 0, 2: 0, 3: 0, 4: 0}",1
70,True,"{'a': 0, 'e': 0}",30,8,38.46517563364233,"{0: 22, 1: 0, 2: 0, 3: 0, 4: 0}",1
71,True,"{'a': 0, 'e': 0}",25,18,13.039021452624338,"{0: 7, 1: 0, 2: 0, 3: 0, 4: 0}",1
72,True,"{'a': 0, 'e': 0}",20,11,18.85790603949747,"{0: 9, 1: 0, 2: 0, 3: 0, 4: 0}",1
73,True,"{'a': 0, 'e': 0}",20,16,7.2709275702235585,"{0: 4, 1: 0, 2: 0, 3: 0, 4: 0}",1
74,True,"{'a': 0, 'e': 0}",25,0,42.02966055724054,"{0: 25, 1: 0, 2: 0, 3: 0, 4: 0}",0
75,True,"{'a': 0, 'e': 0}",20,13,12.71010145276158,"{0: 7, 1: 0, 2: 0, 3: 0, 4: 0}",1
76,True,"{'a': 0, 'e': 0}",25,20,12.027810864280962,"{0: 5, 1: 0, 2: 0, 3: 0, 4: 0}",1
77,True,"{'a': 0, 'e': 0}",20,6,25.932445351595078,"{0: 14, 1: 0, 2: 0, 3: 0, 4: 0}",1
78,True,"{'a': 0, 'e': 0}",20,12,18.503447119809394,"{0: 8, 1: 0, 2: 0, 3: 0, 4: 0}",1
79,True,"{'a': 0, 'e': 0}",25,10,29.015301628235548,"{0: 15, 1: 0, 2: 0, 3: 0, 4: 0}",1
80,True,"{'a': 0, 'e': 0}",20,13,10.202583576670117,"{0: 7, 1: 0, 2: 0, 3: 0, 4: 0}",1
81,True,"{'a': 0, 'e': 0}",25,11,23.34060694849562,"{0: 14, 1: 0, 2: 0, 3: 0, 4: 0}",1
82,True,"{'a': 0, 'e': 0}",35,22,23.74994416797791,"{0: 13, 1: 0, 2: 0, 3: 0, 4: 0}",1
83,True,"{'a': 0, 'e': 0}",30,18,25.15614135250273,"{0: 12, 1: 0, 2: 0, 3: 0, 4: 0}",1
84,True,"{'a': 0, 'e': 0}",30,15,29.953934353217736,"{0: 15, 1: 0, 2: 0, 3: 0, 4: 0}",1
85,True,"{'a': 0, 'e': 0}",25,1,38.81907405168672,"{0: 24, 1: 0, 2: 0, 3: 0, 4: 0}",1
86,True,"{'a': 0, 'e': 0}",20,10,19.936660409441632,"{0: 10, 1: 0, 2: 0, 3: 0, 4: 0}",1
87,True,"{'a': 0, 'e': 0}",25,14,20.86216620441659,"{0: 11, 1: 0, 2: 0, 3: 0, 4: 0}",1
88,True,"{'a': 0, 'e': 0}",30,5,38.344705696990374,"{0: 25, 1: 0, 2: 0, 3: 0, 4: 0}",1
89,True,"{'a': 0, 'e': 0}",20,9,18.520645206420802,"{0: 11, 1: 0, 2: 0, 3: 0, 4: 0}",1
90,True,"{'a': 0, 'e': 0}",30,13,27.01422939321956,"{0: 17, 1: 0, 2: 0, 3: 0, 4: 0}",1
91,True,"{'a': 0, 'e': 0}",20,11,14.294890139268263,"{0: 9, 1: 0, 2: 0, 3: 0, 4: 0}",1
92,True,"{'a': 0, 'e': 0}",20,16,7.36685958109687,"{0: 4, 1: 0, 2: 0, 3: 0, 4: 0}",1
93,True,"{'a': 0, 'e': 0}",25,18,12.608659613941287,"{0: 7, 1: 0, 2: 0, 3: 0, 4: 0}",1
94,True,"{'a': 0, 'e': 0}",20,10,17.6884661856692,"{0: 10, 1: 0, 2: 0, 3: 0, 4: 0}",1
95,True,"{'a': 0, 'e': 0}",20,12,14.057551011392826,"{0: 8, 1: 0, 2: 0, 3: 0, 4: 0}",1
96,True,"{'a': 0, 'e': 0}",20,11,17.425268566353132,"{0: 9, 1: 0, 2: 0, 3: 0, 4: 0}",1
97,True,"{'a': 0, 'e': 0}",20,12,15.73218230322938,"{0: 8, 1: 0, 2: 0, 3: 0, 4: 0}",1
98,True,"{'a': 0, 'e': 0}",25,13,23.146169557574648,"{0: 12, 1: 0, 2: 0, 3: 0, 4: 0}",1
99,True,"{'a': 0, 'e': 0}",20,12,13.724631165149784,"{0: 8, 1: 0, 2: 0, 3: 0, 4: 0}",1
100,True,"{'a': 0, 'e': 0}",20,14,11.274550665095058,"{0: 6, 1: 0, 2: 0, 3: 0, 4: 0}",1
